"שם_קורס","תחום_דעת","שכבת_חינוך","פלטפורמה","שכבת_גיל","שפה","משך","תיאור","ראשי_פרקים","ספק","קישור","הערות","עודכן"
"English Assessment Preparation","אנגלית","על יסודי","מוודל","","אנגלית","","","Home | Test Strategies | Practice Tests | General","","https://sandbox.lms.education.gov.il/course/view.php?id=23734","",""
"English Grammar","אנגלית","על יסודי","מוודל","","אנגלית","","","Home | Parts of Speech | Sentence Structure | Tenses | General","","https://sandbox.lms.education.gov.il/course/view.php?id=23720","",""
"English Language Space","אנגלית","על יסודי","מוודל","","אנגלית","","","Home | Resources | Activities | General","","https://sandbox.lms.education.gov.il/course/view.php?id=23729","",""
"English Literature","אנגלית","על יסודי","מוודל","","אנגלית","","","Home | Poetry | Short Stories | Novels | Drama | General","","https://sandbox.lms.education.gov.il/course/view.php?id=23721","",""
"English Reading Skills","אנגלית","על יסודי","מוודל","","אנגלית","","","Home | Comprehension Strategies | Text Types | General","","https://sandbox.lms.education.gov.il/course/view.php?id=23732","",""
"English Speaking Skills","אנגלית","על יסודי","מוודל","","אנגלית","","","Home | Pronunciation | Conversation | Presentations | General","","https://sandbox.lms.education.gov.il/course/view.php?id=23717","",""
"English Vocabulary Building","אנגלית","על יסודי","מוודל","","אנגלית","","","Home | Word Families | Collocations | Academic Vocabulary | General","","https://sandbox.lms.education.gov.il/course/view.php?id=23731","",""
"English Writing Skills","אנגלית","על יסודי","מוודל","","אנגלית","","","Home | Essay Writing | Creative Writing | Academic Writing | General","","https://sandbox.lms.education.gov.il/course/view.php?id=23712","",""
"English for 10th Grade","אנגלית","על יסודי","מוודל","י׳","אנגלית","","","Home | Reading | Writing | Grammar | Vocabulary | Speaking | General","","https://sandbox.lms.education.gov.il/course/view.php?id=23707","",""
"English for 11th Grade","אנגלית","על יסודי","מוודל","י״א","אנגלית","","","Home | Reading | Writing | Grammar | Vocabulary | Speaking | General","","https://sandbox.lms.education.gov.il/course/view.php?id=23709","",""
"English for 12th Grade - Module A","אנגלית","על יסודי","מוודל","י״ב","אנגלית","","","Home | Reading Comprehension | Writing | Literature | General","","https://sandbox.lms.education.gov.il/course/view.php?id=23718","",""
"English for 12th Grade - Module B","אנגלית","על יסודי","מוודל","י״ב","אנגלית","","","Home | Reading Comprehension | Writing | Literature | General","","https://sandbox.lms.education.gov.il/course/view.php?id=23719","",""
"English for 12th Grade - Module C","אנגלית","על יסודי","מוודל","י״ב","אנגלית","","","Home | Reading Comprehension | Writing | Literature | General","","https://sandbox.lms.education.gov.il/course/view.php?id=23715","",""
"English for 12th Grade - Module D","אנגלית","על יסודי","מוודל","י״ב","אנגלית","","","Home | Reading Comprehension | Writing | Literature | General","","https://sandbox.lms.education.gov.il/course/view.php?id=23711","",""
"English for 12th Grade - Module E","אנגלית","על יסודי","מוודל","י״ב","אנגלית","","","Home | Reading Comprehension | Writing | Literature | General","","https://sandbox.lms.education.gov.il/course/view.php?id=23710","",""
"English for 7th Grade","אנגלית","על יסודי","מוודל","ז׳","אנגלית","","","Home | Reading | Writing | Grammar | Vocabulary | Speaking | General","","https://sandbox.lms.education.gov.il/course/view.php?id=23735","",""
"English for 8th Grade","אנגלית","על יסודי","מוודל","ח׳","אנגלית","","","Home | Reading | Writing | Grammar | Vocabulary | Speaking | General","","https://sandbox.lms.education.gov.il/course/view.php?id=23726","",""
"English for 9th Grade","אנגלית","על יסודי","מוודל","ט׳","אנגלית","","","Home | Reading | Writing | Grammar | Vocabulary | Speaking | General","","https://sandbox.lms.education.gov.il/course/view.php?id=23708","",""
"English for Academic Purposes","אנגלית","על יסודי","מוודל","","אנגלית","","","Home | Academic Reading | Academic Writing | Research Skills | General","","https://sandbox.lms.education.gov.il/course/view.php?id=23722","",""
"English for Business","אנגלית","על יסודי","מוודל","","אנגלית","","","Home | Business Communication | Emails | Presentations | General","","https://sandbox.lms.education.gov.il/course/view.php?id=23728","",""
"English for Technological Disciplines - Level 1","אנגלית לתחומי דעת טכנולוגיים","על יסודי","מוודל","","אנגלית","","","Home | Reading Technical Texts | Technical Vocabulary | Writing | General","","https://sandbox.lms.education.gov.il/course/view.php?id=22083","",""
"English for Technological Disciplines - Level 2","אנגלית לתחומי דעת טכנולוגיים","על יסודי","מוודל","","אנגלית","","","Home | Advanced Reading | Technical Writing | Presentations | General","","https://sandbox.lms.education.gov.il/course/view.php?id=22238","",""
"English for Technological Disciplines - Level 3","אנגלית לתחומי דעת טכנולוגיים","על יסודי","מוודל","","אנגלית","","","Home | Specialized Texts | Research Skills | Professional Communication | General","","https://sandbox.lms.education.gov.il/course/view.php?id=22084","",""
"English for Technological Disciplines - Level 4","אנגלית לתחומי דעת טכנולוגיים","על יסודי","מוודל","","אנגלית","","","Home | Expert Level Reading | Academic Writing | General","","https://sandbox.lms.education.gov.il/course/view.php?id=22237","",""
"יחידות הערכה במדעים לכיתה ז - דוברי עברית","כלי הערכה - ראמ""ה","על יסודי","מוודל","ז'","עברית","5 יחידות","בנק משימות ומקבצי שאלות להערכה במדעים לכיתה ז' — חומרים, מבנה החלקיקים, אנרגיה ומערכות יצורים חיים — פותח ע\י ראמ\""ה""","מקבץ שאלות - חומרים | מקבץ שאלות - מערכות יצורים חיים | משימת הערכה - גופים וחומרים | משימת הערכה - מבנה החומר | משימת הערכה - אנרגיה","","https://sandbox.lms.education.gov.il/course/view.php?id=20409","",""
"יחידות הערכה במדעים לכיתה ח - דוברי עברית","כלי הערכה - ראמ""ה","על יסודי","מוודל","ח'","עברית","6 יחידות","בנק משימות ומקבצי שאלות להערכה במדעים לכיתה ח' — אנרגיה, אקולוגיה, חומרים, שינויים כימיים ואנרגיה חשמלית","מקבץ שאלות - אנרגיה | מקבץ שאלות - אקולוגיה | מקבץ שאלות - חומרים | משימת הערכה - יסודות ותערובות | משימת הערכה - שינויים כימיים | משימת הערכה - אנרגיה חשמלית","","https://sandbox.lms.education.gov.il/course/view.php?id=20411","",""
"יחידות הערכה במדעים לכיתה ט - דוברי עברית","כלי הערכה - ראמ""ה","על יסודי","מוודל","ט'","עברית","6 יחידות","בנק משימות ומקבצי שאלות להערכה במדעים לכיתה ט' — פיזיקה, ביולוגיה וכימיה — פותח ע\י ראמ\""ה""","מקבץ שאלות - פיזיקה | מקבץ שאלות - ביולוגיה | מקבץ שאלות - כימיה | יחידות הערכה 5-7","","https://sandbox.lms.education.gov.il/course/view.php?id=20016","",""
"הון אנושי וצמיחה כלכלית","כלכלה","על יסודי","מוודל","","עברית","8 יחידות + מבחן","קורס כלכלה העוסק במושגי צמיחה כלכלית — מהגדרת צמיחה ועד גורמי איכות כגון הון אנושי, עם מדדי צמיחה ונסיגה ודילמות ערכיות. כולל מבחן סיום","1 - מהי צמיחה ומהי כלכלית? | 2 - גורמי צמיחה - כמות גורמי ייצור | 3 - גורמים איכותיים לצמיחה | 4 - דרכים לשיפור ההון האנושי | 5 - מדדי צמיחה כלכליים | 6 - נסיגה כלכלית | 7 - דילמות ערכיות | מבחן סיום","","https://sandbox.lms.education.gov.il/course/view.php?id=23742","",""
"עקומת התמורה","כלכלה","על יסודי","מוודל","","עברית","10 יחידות + מבחן","קורס כלכלה המסביר את עקומת התמורה — מיסודות העקומה ועד השקעה בהון פיזי ואנושי, שיפור טכנולוגי ובריחת מוחות. כולל מבחן סיום","1 - יסודות עקומת התמורה | 2 - מבנה גרפי ודיוק טכני | 3 - צורת העקומה ועלות אלטרנטיבית | 4 - תעסוקה מלאה ואבטלה | 5 - תנועה על העקומה | 6 - תזוזה חוצה - צמיחה | 7 - תזוזה פנימה - נסיגה | 8 - השקעה בהון | 9 - שיפור טכנולוגי | 10 - הון אנושי ובריחת מוחות | מבחן סיום","","https://sandbox.lms.education.gov.il/course/view.php?id=23669","",""
"אסטרונומיה","מדע וטכנולוגיה","על יסודי","מוודל","","עברית","","","דף הבית | מערכת השמש | כוכבים | גלקסיות | יקום | כללי","","https://sandbox.lms.education.gov.il/course/view.php?id=23140","",""
"ביולוגיה","מדע וטכנולוגיה","על יסודי","מוודל","","עברית","אין תיאור","קורס ביולוגיה המכיל יחידות לימוד מבוססות חקר וניסוי בנושאים ביולוגיים לחטיבת ביניים ו/או תיכון, הכולל פעילויות אינטראקטיביות, קריאה מדעית ומשימות הגשה.","דף הבית | תא | גנטיקה | אבולוציה | פיזיולוגיה | אקולוגיה | כללי","","https://sandbox.lms.education.gov.il/course/view.php?id=23141","",""
"טכנולוגיה ומחשבים","מדע וטכנולוגיה","על יסודי","מוודל","","עברית","","","דף הבית | מבנה מחשב | תכנות | רשתות | כללי","","https://sandbox.lms.education.gov.il/course/view.php?id=22457","",""
"כימיה","מדע וטכנולוגיה","על יסודי","מוודל","","עברית","","","דף הבית | מבנה האטום | קשרים כימיים | תגובות כימיות | כימיה אורגנית | כללי","","https://sandbox.lms.education.gov.il/course/view.php?id=22956","",""
"מדע וטכנולוגיה לכיתה ז׳","מדע וטכנולוגיה","על יסודי","מוודל","ז׳","עברית","","","דף הבית | חומר וחלקיקים | כוחות ותנועה | אנרגיה | מערכות חיים | כדור הארץ והיקום | כללי","","https://sandbox.lms.education.gov.il/course/view.php?id=23022","",""
"מדע וטכנולוגיה לכיתה ח׳","מדע וטכנולוגיה","על יסודי","מוודל","ח׳","עברית","","","דף הבית | חומר וחלקיקים | כוחות ותנועה | אנרגיה | מערכות חיים | כדור הארץ והיקום | כללי","","https://sandbox.lms.education.gov.il/course/view.php?id=17603","",""
"מדע וטכנולוגיה לכיתה ט׳","מדע וטכנולוגיה","על יסודי","מוודל","ט׳","עברית","","","דף הבית | חומר וחלקיקים | כוחות ותנועה | אנרגיה | מערכות חיים | כדור הארץ והיקום | כללי","","https://sandbox.lms.education.gov.il/course/view.php?id=17589","",""
"מדע לחינוך מיוחד","מדע וטכנולוגיה","על יסודי","מוודל","","עברית","","","דף הבית | נושאים בסיסיים | ניסויים | כללי","","https://sandbox.lms.education.gov.il/course/view.php?id=20363","",""
"מדע סביבה","מדע וטכנולוגיה","על יסודי","מוודל","","עברית","","","דף הבית | מערכות אקולוגיות | זיהום | אנרגיה מתחדשת | שינויי אקלים | כללי","","https://sandbox.lms.education.gov.il/course/view.php?id=22680","",""
"מדעי הארץ","מדע וטכנולוגיה","על יסודי","מוודל","","עברית","","","דף הבית | סלעים ומינרלים | פנים כדור הארץ | אטמוספרה | אוקיינוסים | כללי","","https://sandbox.lms.education.gov.il/course/view.php?id=23139","",""
"מרחב לימוד מדע","מדע וטכנולוגיה","על יסודי","מוודל","","עברית","","","דף הבית | משאבים | כלים | כללי","","https://sandbox.lms.education.gov.il/course/view.php?id=18998","",""
"פיזיקה","מדע וטכנולוגיה","על יסודי","מוודל","","עברית","","","דף הבית | מכניקה | אלקטרומגנטיות | אופטיקה | פיזיקה מודרנית | כללי","","https://sandbox.lms.education.gov.il/course/view.php?id=23023","",""
"רובוטיקה","מדע וטכנולוגיה","על יסודי","מוודל","","עברית","","","דף הבית | מבוא לרובוטיקה | חיישנים | תכנות רובוטים | כללי","","https://sandbox.lms.education.gov.il/course/view.php?id=22334","",""
"למידה מבוססת פרויקטים PBL","מרחבים גנריים","על יסודי","מוודל","","עברית","7 שלבים","קורס גנרי ל-PBL המלמד את שיטת הלמידה מבוססת הפרויקטים — מחקר ממושך לפתרון שאלה מורכבת, עם דגש על חשיבה ביקורתית, יצירתיות ושיתוף פעולה","יחידה למורה | שלב 1 - מהי PBL? | שלב 2 - מתחלקים לקבוצות | שלב 3 - שאלה פורייה ובחירת תוצר | שלב 4 - חקר ואיסוף מידע | שלב 5 - כיוונון הפרויקט | שלב 6 - הכנה להצגה | שלב 7 - הגשה וסיכום","","https://sandbox.lms.education.gov.il/course/view.php?id=18434","",""
"מטלת ביצוע","מרחבים גנריים","על יסודי","מוודל","","עברית","8 שלבים","סביבה דיגיטלית גנרית למטלת ביצוע — כלים לכתיבה שיתופית, ניהול שיח מקוון ובניית תוצרים דיגיטליים כגון סרטונים, עצומות ומשחקים — עם ליווי לכל שלבי הפרויקט","שלב 1 - איתור בעיה | שלב 2 - בחירת בעיה | שלב 3 - חקר משותף | שלב 4 - ארגון מידע ומסקנות | שלב 5 - גיבוש פתרון | שלב 6 - בניית תוצר | שלב 7 - רפלקציה | שלב 8 - פרזנטציה והגנה","","https://sandbox.lms.education.gov.il/course/view.php?id=18410","",""
"מטלת ביצוע לדוברי השפה הערבית","מרחבים גנריים","על יסודי","מוודל","","ערבית","5 שלבים","גרסה ערבית של הסביבה הדיגיטלית למטלת ביצוע — לתלמידים דוברי ערבית — עם כלים לכתיבה שיתופית, בניית מוצרים דיגיטליים ועבודה על בעיות אמתיות","מקדמה - הגדרת המשימה | 1 - ניסוח הנושא | 2 - חקר ואיסוף מידע | 3 - עיבוד וארגון מידע | 4 - ניסוח פתרון ופיתוח תוצר | 5 - הצגה ועמידה בפני קהל | הנחיות למורה","","https://sandbox.lms.education.gov.il/course/view.php?id=18428","",""
"עבודת חקר","מרחבים גנריים","על יסודי","מוודל","","עברית","8 שלבים","סביבה דיגיטלית ללווי עבודות חקר — מבחירת נושא ועד הגשה סופית — כולל כל שלבי המחקר: שאלות חקר, איסוף נתונים, כתיבה והצגה","מבוא | בחירת נושא וניסוח שאלות חקר | איתור הערכה ומיזוג מידע | קביעת שיטת החקר | כתיבת הצעת החקר | איסוף הנתונים וניתוחם | כתיבת עבודת החקר | סיכום ומסקנות | הצגה והגשה סופית","","https://sandbox.lms.education.gov.il/course/view.php?id=18420","",""
"פסג""ה חולון - PBL","מרחבים גנריים","על יסודי","מוודל","","עברית","10 שלבים","קורס PBL מעמיק לפסגה חולון — מלמד מורים ותלמידים את כל אבני הדרך של למידה מבוססת פרויקטים: שאלה פורייה | חקר פעיל | תוצרי ביניים | פרזנטציה |רפלקציה וערב תוצרים","כללי - מהי PBL | שלב 1-2 - שאלה פורייה ובחירת תוצר | שלב 3 - ידע מיומנויות והרגלים | שלב 4 - תכנון זמנים | שלב 5 - חקר פעיל | שלב 6 - תוצרי ביניים ומשוב | שלב 7 - מודל הערכה | שלב 8 - פרזנטציה | שלב 9 - רפלקציה | שלב 10 - ערב תוצרים","","https://sandbox.lms.education.gov.il/course/view.php?id=18413","",""
"תלקיט דיגיטלי","מרחבים גנריים","על יסודי","מוודל","","עברית","3 שלבים","סביבה דיגיטלית לאיסוף תלקיט אישי — תלמידים אוספים טיוטות ותוצרים עם כלי רפלקציה, מחוונים ומסמכים שיתופיים. התלמיד בוחר מה גלוי למורה ומה חבוי עד הגשה","יחידה למורה | מבוא - מהו תלקיט? | שלב 1 - איסוף מרכיבי התלקיט ורפלקציה | שלב 2 - הכנת התלקיט הערכתו והגשתו","","https://sandbox.lms.education.gov.il/course/view.php?id=18435","",""
"משימות אוריינות מדעית - ביולוגיה","משימות אורייניות מתוקשבות","על יסודי","מוודל","","עברית","1 יחידה","קורס משימות אוריינות מדעית בביולוגיה — כולל משימות מתוקשבות עם מעקב למידה בנושאי ביולוגיה","משימות מתוקשבות המאפשרות מעקב למידה","","https://sandbox.lms.education.gov.il/course/view.php?id=21944","",""
"משימות אוריינות מדעית - כימיה","משימות אורייניות מתוקשבות","על יסודי","מוודל","","עברית","2 יחידות","קורס משימות אוריינות מדעית בכימיה — משימות מתוקשבות בנושאים יומיומיים: גז, דלק, כימיה במקלחת, התפלת מים, קרח יבש ועוד — עם בוחני MOE לכל נושא","יחידה למורה | משימות מתוקשבות | גז בחיי היום יום | דלק ירוק | המצאה מדליקה | התפלת מים | כימיה במקלחת | מים לא נורמליים | פופקורן | קרח יבש","","https://sandbox.lms.education.gov.il/course/view.php?id=17582","",""
"משימות אוריינות מדעית - מדע וטכנולוגיה לכל","משימות אורייניות מתוקשבות","על יסודי","מוודל","","עברית","1 יחידה","קורס משימות אוריינות מדעית למגמת מדע וטכנולוגיה לכל — כולל משימות מתוקשבות עם מעקב למידה","משימות מתוקשבות המאפשרות מעקב למידה","","https://sandbox.lms.education.gov.il/course/view.php?id=21945","",""
"משימות אוריינות מדעית - פיזיקה","משימות אורייניות מתוקשבות","על יסודי","מוודל","","עברית","2 יחידות","קורס משימות אוריינות מדעית בפיזיקה — בוחני MOE בנושאים יומיומיים: אנרגיה, האפקט הפוטואלקטרי, משקל, מרחק עצירה ורדיואקטיביות — עם מעקב למידה","יחידה למורה | משימות מתוקשבות | אנרגיה | האפקט הפוטואלקטרי | כמה הוא מנצנץ | כמה הוא שוקל? | מהו המשקל שלי? | מרחק עצירה | רדיואקטיביות","","https://sandbox.lms.education.gov.il/course/view.php?id=17588","",""
"משימות אוריינות מדעית - שינוי אקלים","משימות אורייניות מתוקשבות","על יסודי","מוודל","","עברית","2 יחידות","קורס אוריינות מדעית בנושא שינוי אקלים שפותח ע\י מרכז המורים בידינו (הטכניון עבור משרד החינוך) — עוסק בהבדל בין מזג אוויר לאקלים ובתופעת האלבדו""","מהו ההבדל בין מזג אוויר לאקלים? | אלבדו ושינוי אקלים","","https://sandbox.lms.education.gov.il/course/view.php?id=23205","",""
"משימות אוריינות מתמטית","משימות אורייניות מתוקשבות","על יסודי","מוודל","","עברית","4 יחידות","קורס משימות אוריינות מתמטית הכולל משימות מתוקשבות עם מעקב למידה, קישורים לאתרים חיצוניים ומשימות דף-ועפרון — בצירוף מיפוי מיומנויות","יחידה למורה | משימות מתוקשבות המאפשרות מעקב למידה | משימות מתוקשבות | קישורים למשימות באתרים חיצוניים ומשימות דף ועפרון","","https://sandbox.lms.education.gov.il/course/view.php?id=17591","",""
"משימות אורייניות מתוקשבות - גיאוגרפיה אדם וסביבה","משימות אורייניות מתוקשבות","על יסודי","מוודל","","עברית","2 יחידות","קורס משימות אורייניות בגיאוגרפיה — כולל קישורים למשימות חיצוניות בנושא אדם וסביבה","יחידה למורה | קישורים למשימות באתרים חיצוניים","","https://sandbox.lms.education.gov.il/course/view.php?id=17577","",""
"משימות אורייניות מתוקשבות - שפת אם עברית","משימות אורייניות מתוקשבות","על יסודי","מוודל","ט'-י'","עברית","2 יחידות","קורס משימות אורייניות לכיתות ט' ו-י' בשפת אם עברית — מיקוד בהבנת הנקרא ותרגול מיומנויות אוריינות","משימות אורייניות מתוקשבות לכיתות ט' וי' | משימות לתרגול הבנת הנקרא","","https://sandbox.lms.education.gov.il/course/view.php?id=22879","",""
"المهام في الثقافة العلمية - שינוי אקלים (ערבית)","משימות אורייניות מתוקשבות","על יסודי","מוודל","","ערבית","2 יחידות","קורס אוריינות מדעית בנושא שינוי אקלים בערבית — פותח ע\י מרכז המורים בידינו (הטכניון) — עוסק בהבדל בין מזג אוויר לאקלים ובתופעת האלבדו""","ما الفرق بين الطقس والمناخ؟ | الألبيدو وتغيّر المناخ","","https://sandbox.lms.education.gov.il/course/view.php?id=23331","",""
"مهمّات في التنور القرائيّ الرّقميّ - ביולוגיה (ערבית)","משימות אורייניות מתוקשבות","על יסודי","מוודל","","ערבית","1 יחידה","קורס משימות אוריינות מדעית בביולוגיה בשפה הערבית — משימות מתוקשבות עם מעקב למידה","משימות מתוקשבות המאפשרות מעקב למידה","","https://sandbox.lms.education.gov.il/course/view.php?id=21947","",""
"مهمّات في التنور القرائيّ الرّقميّ - גאוגרפיה (ערבית)","משימות אורייניות מתוקשבות","על יסודי","מוודל","","ערבית","2 יחידות","קורס משימות אורייניות בגאוגרפיה בשפה הערבית — קישורים למשימות חיצוניות בנושא אדם וסביבה","יחידה למורה | קישורים למשימות באתרים חיצוניים","","https://sandbox.lms.education.gov.il/course/view.php?id=17595","",""
"مهمّات في التنور القرائيّ الرّقميّ - מדע וטכנולוגיה לכל (ערבית)","משימות אורייניות מתוקשבות","על יסודי","מוודל","","ערבית","1 יחידה","קורס משימות אוריינות מדעית בערבית למגמת מדע וטכנולוגיה לכל — משימות מתוקשבות עם מעקב למידה","مهام محوسبة مع امكانية تتبع التعلم (משימות מתוקשבות עם מעקב למידה)","","https://sandbox.lms.education.gov.il/course/view.php?id=22154","",""
"مهمّات في التنور القرائيّ الرّقميّ - מתמטיקה (ערבית)","משימות אורייניות מתוקשבות","על יסודי","מוודל","","ערבית","4 יחידות","קורס משימות אוריינות מתמטית בערבית — כולל משימות מתוקשבות עם מעקב, קישורים חיצוניים ומשימות דף ועפרון","יחידה למורה | משימות מתוקשבות עם מעקב | משימות מתוקשבות | קישורים למשימות חיצוניים ומשימות דף ועפרון","","https://sandbox.lms.education.gov.il/course/view.php?id=18933","",""
"مهمّات في التنوّر القرائيّ الرّقميّ - שפת אם ערבית","משימות אורייניות מתוקשבות","על יסודי","מוודל","","ערבית","4 יחידות","קורס משימות אורייניות בשפת אם ערבית — כולל משימות מתוקשבות עם מעקב למידה, קישורים חיצוניים ומשימות דף ועפרון","יחידה למורה | משימות מתוקשבות עם מעקב למידה | משימות מתוקשבות | קישורים למשימות חיצוניים ומשימות דף ועפרון","","https://sandbox.lms.education.gov.il/course/view.php?id=18078","",""
"מתמטיקה לחט""ב ט' מצומצמת – 2026","מתמטיקה","על יסודי","מוודל","ט'","עברית","58.5 שעות","קורס מתמטיקה לכיתה ט' ברמה מצומצמת הכולל 7 פרקים: גיאומטריה חישובית, אלגברה, פונקציה קווית, פונקציה ריבועית, קריאת גרפים, סטטיסטיקה והסתברות ומשימות סיכום. הקורס ממוקד בתכנים הנדרשים לרמה המצומצמת ומבוסס כמעט כולו על בוחנים אינטראקטיביים (157 יחידות).","","","https://sandbox.lms.education.gov.il/course/view.php?id=22932","",""
"מתמטיקה לחט״ב ז׳ – 2026 - כניסה כתלמיד","מתמטיקה","על יסודי","מוודל","ז׳","עברית","144 שעות","קורס מתמטיקה מקיף לכיתה ז' בחטיבת הביניים המכיל 9 פרקי תוכן: יסודות, אלגברה, פעולות החשבון וחוקיהן, מספרים מכוונים, מערכת הצירים, גאומטריה, קריאת גרפים ותרגולים מסכמים. הקורס עשיר במיוחד בתרגול אינטראקטיבי – מרביתו בוחנים קצרים (365 יחידות) לצד לומדות H5P ודפי תוכן מסבירים, ומיועד לתרגול מעמיק ורב-שלבי של כל נושאי המתמטיקה לכיתה ז'.","דף הבית | יסודות | אלגברה | פעולות החשבון וחוקיהן | מספרים מכוונים | מערכת הצירים | גאומטריה | קריאת גרפים | תרגולים מסכמים | כללי | המחשבון","","https://sandbox.lms.education.gov.il/course/view.php?id=22940","",""
"מתמטיקה לחט״ב ח׳ – 2026 - כניסה כתלמיד","מתמטיקה","על יסודי","מוודל","ח׳","עברית","110 שעות","קורס מתמטיקה לכיתה ח' בחטיבת הביניים הכולל 8 פרקים: מחשבון מדעי, תחום מספרי, אלגברה, גאומטריה, מבוא לפונקציות, פונקציה קווית ומשימות מסכמות. הקורס מבוסס בעיקר על בוחנים אינטראקטיביים (273 יחידות) ודפי תוכן, ומיועד לחיזוק הבסיס האלגברי ולהכנה לנושאי פונקציות.","דף הבית | אלגברה | פונקציות | גאומטריה | סטטיסטיקה ותורת ההסתברות | תרגולים מסכמים | כללי","","https://sandbox.lms.education.gov.il/course/view.php?id=22939","",""
"מתמטיקה לחט״ב ט׳ – 2026 - כניסה כתלמיד","מתמטיקה","על יסודי","מוודל","ט׳","עברית","100.5 שעות","קורס מתמטיקה לכיתה ט' ברמה מלאה הכולל 9 פרקים: אלגברה, פונקציה ריבועית, מתכונות לגרף ובחזרה, גאומטריה, הסתברות ונושאים נוספים. הקורס מדגיש תרגול אינטראקטיבי אינטנסיבי (229 בוחנים) לצד קישורים, לומדות H5P ודפי הסבר, ומכין את התלמידים לנושאי הבגרות.","דף הבית | אלגברה | פונקציות | גאומטריה | סטטיסטיקה ותורת ההסתברות | תרגולים מסכמים | כללי","","https://sandbox.lms.education.gov.il/course/view.php?id=22938","",""
"עברית לכיתה ז׳","עברית","על יסודי","מוודל","ז׳","עברית","","","דף הבית | קריאה והבנת הנקרא | כתיבה | לשון ודקדוק | ספרות | כללי","","https://sandbox.lms.education.gov.il/course/view.php?id=23642","",""
"עברית לכיתה ח׳","עברית","על יסודי","מוודל","ח׳","עברית","","","דף הבית | קריאה והבנת הנקרא | כתיבה | לשון ודקדוק | ספרות | כללי","","https://sandbox.lms.education.gov.il/course/view.php?id=22918","",""
"עברית לכיתה ט׳","עברית","על יסודי","מוודל","ט׳","עברית","","","דף הבית | קריאה והבנת הנקרא | כתיבה | לשון ודקדוק | ספרות | כללי","","https://sandbox.lms.education.gov.il/course/view.php?id=22917","",""
"עברית לכיתה י׳","עברית","על יסודי","מוודל","י׳","עברית","","","דף הבית | קריאה והבנת הנקרא | כתיבה | לשון ודקדוק | ספרות | כללי","","https://sandbox.lms.education.gov.il/course/view.php?id=22916","",""
"עברית לכיתה י״א","עברית","על יסודי","מוודל","י״א","עברית","","","דף הבית | קריאה והבנת הנקרא | כתיבה | לשון ודקדוק | ספרות | כללי","","https://sandbox.lms.education.gov.il/course/view.php?id=22915","",""
"עברית לכיתה י״ב","עברית","על יסודי","מוודל","י״ב","עברית","","","דף הבית | קריאה והבנת הנקרא | כתיבה | לשון ודקדוק | ספרות | כללי","","https://sandbox.lms.education.gov.il/course/view.php?id=22884","",""
"קיוון העברית - ספר לימוד לכיתה ט","עברית","על יסודי","מוודל","","עברית","50.5 שעות","ספר לימוד דיגיטלי בעברית לכיתה ט' הכולל 18 פרקים: מבוא ללימודי העברית, מפגש עם טקסט, השאלה כטקסט, אוצר מילים, מאזכרים, טיעון ושכנוע, מסכמים מידע, טקסט שימושי, הבעה בעל-פה, שם המספר, בנייני הפועל, תחביר ועוד. הפעילויות מגוונות ומשלבות בוחנים, מטלות, לומדות, ויקי, ספרים דיגיטליים ובלוגים.","מבוא ללימודי העברית | מפגש עם טקסט | השאלה כטקסט | אוצר מילים ומילונאות | מאזכרים | טיעון ושכנוע | מביעים עמדה | השוואה | מסכמים מידע | טקסט מדריך ומפעיל (שימושי) | הבעה בעל פה - פרזנטציה | שם המספר | בנייני הפועל | חלקי דיבור וצירופים שמניים | תחביר | דרכי תצורת השם | מבחנים ומשימות הערכה | מדריך למורה","","https://sandbox.lms.education.gov.il/course/view.php?id=22877","",""
"עברית לדוברי ערבית כיתה ז׳","עברית - חינוך ערבי","על יסודי","מוודל","ז׳","עברית","","","דף הבית | קריאה | כתיבה | לשון | כללי","","https://sandbox.lms.education.gov.il/course/view.php?id=23706","",""
"עברית לדוברי ערבית כיתה ח׳","עברית - חינוך ערבי","על יסודי","מוודל","ח׳","עברית","","","דף הבית | קריאה | כתיבה | לשון | כללי","","https://sandbox.lms.education.gov.il/course/view.php?id=23705","",""
"עברית לדוברי ערבית כיתה ט׳","עברית - חינוך ערבי","על יסודי","מוודל","ט׳","עברית","","","דף הבית | קריאה | כתיבה | לשון | כללי","","https://sandbox.lms.education.gov.il/course/view.php?id=23591","",""
"עברית לדוברי ערבית כיתה י׳","עברית - חינוך ערבי","על יסודי","מוודל","י׳","עברית","","","דף הבית | קריאה | כתיבה | לשון | כללי","","https://sandbox.lms.education.gov.il/course/view.php?id=23294","",""
"التعرّف إلى مستويات الفهم الأربعة - ארבע רמות הבנה א","ערבית","על יסודי","מוודל","","ערבית","6 שיעורים","קורס ערבית (חלק א) ללימוד ארבע רמות הבנה — מידע מפורש בטקסטים תפקודיים וספרותיים, ומשמעות נסתרת עם אסטרטגיות חשיבה","מקדמה | שיעור 1 - היכרות עם 4 רמות הבנה | שיעור 2-3 - משמעות גלויה בטקסטים | שיעור 4-5 - משמעות נסתרת | שיעור 6 - ניתוח ומסקנות","","https://sandbox.lms.education.gov.il/course/view.php?id=23409","",""
"التعرّف إلى مستويات الفهم الأربعة - ארבע רמות הבנה ב","ערבית","על יסודי","מוודל","","ערבית","6 שיעורים","קורס ערבית (חלק ב) ללימוד רמות הבנה 3 ו-4 — פרשנות, שילוב, יישום ואסטרטגיות השוואה, סיווג, ניתוח ומבנים לשוניים","מקדמה | שיעור 7-8 - רמה 3 בטקסטים תפקודיים וספרותיים | שיעור 9-10 - אסטרטגיות השוואה ושילוב | שיעור 11-12 - רמה 4 ומבנים לשוניים","","https://sandbox.lms.education.gov.il/course/view.php?id=23410","",""
"التعرّف إلى مستويات الفهم الأربعة - ארבע רמות הבנה ג","ערבית","על יסודי","מוודל","","ערבית","6 שיעורים","קורס ערבית (חלק ג) — כתיבת טיעון, ניסוח תשובות, ויחידות הערכה על נושא 'החיות הרפואיות' — כולל יישום מלא של ארבע רמות ההבנה","מקדמה | שיעור 13 - כתיבת טיעון | שיעור 14-15 - ניסוח תשובות | שיעורים 16-18 - יחידות הערכה - החיות בחיי האדם","","https://sandbox.lms.education.gov.il/course/view.php?id=23411","",""
"الثروة اللّغويّة - אוצר מילים א","ערבית","על יסודי","מוודל","","ערבית","6 שיעורים","קורס ערבית (חלק א) לפיתוח אוצר מילים — נרדפות, ניגודים, שדה סמנטי, מורפולוגיה, משקלות מילים ופתגמים","מקדמה | שיעור 1 - נרדפות וניגודים | שיעור 2 - שדה סמנטי | שיעור 3 - מורפולוגיה | שיעור 4 - משקלות מילים | שיעור 5 - פתגמים ומשלים | שיעור 6 - חיזוק אוצר המילים","","https://sandbox.lms.education.gov.il/course/view.php?id=23405","",""
"الثروة اللّغويّة - אוצר מילים ב","ערבית","על יסודי","מוודל","","ערבית","6 שיעורים","קורס ערבית (חלק ב) לפיתוח אוצר מילים — שירה עממית (עתאבא), יחסים ומבנים, שפה מטפורית, ניסוח השערה ומילות מפתח","מקדמה | שיעור 7 - עתאבא וזג'ל | שיעור 8 - יחסים ומבנים | שיעור 9 - שפה ספרותית מטפורית | שיעור 10 - ניסוח השערה | שיעור 11 - מילות מפתח | שיעור 12 - קיצורים היסטוריים","","https://sandbox.lms.education.gov.il/course/view.php?id=23406","",""
"الثروة اللّغويّة - אוצר מילים ג","ערבית","על יסודי","מוודל","","ערבית","6 שיעורים","קורס ערבית (חלק ג) לפיתוח אוצר מילים — קיצורי מידה ונפח, משקלות גלובליות, מילים מורכבות, יאא' הניסבה — עם משימת הערכה","מקדמה | שיעור 13-14 - קיצורי מידה ונפח | שיעור 15 - מילים מורכבות | שיעור 16 - יאא' הניסבה ומשקלות | שיעורים 17-18 - יישום ומשימת הערכה","","https://sandbox.lms.education.gov.il/course/view.php?id=23407","",""
"مهارات وإستراتيجيّات التنوّر اللغويّ - אוריינות לשונית א","ערבית","על יסודי","מוודל","","ערבית","6 שיעורים","קורס ללימוד עצמי בערבית (חלק א מתוך 3) — מיומנויות ואסטרטגיות אוריינות לשונית: חשיבה עליונה בקריאה, רעיון מרכזי, תלציר וניסוח תשובות","מקדמה | שיעור 1 - מיומנויות חשיבה עליונה בקריאה | שיעור 2 - זיהוי הרעיון המרכזי | שיעור 3 - ניסוח הרעיון המרכזי | שיעור 4 - הרעיון המרכזי והתמצות | שיעור 5 - כתיבת תקציר | שיעור 6 - ניסוח תשובות","","https://sandbox.lms.education.gov.il/course/view.php?id=23466","",""
"مهارات وإستراتيجيّات التنوّر اللغويّ - אוריינות לשונית ב","ערבית","על יסודי","מוודל","","ערבית","6 שיעורים","קורס ללימוד עצמי בערבית (חלק ב מתוך 3) — מיומנויות השוואה, שילוב, סיבה ותוצאה, מידע ממטקסט לא-רציף וקבלת החלטות","מקדמה | שיעור 7 - מיומנות ההשוואה | שיעור 8 - מיומנות השילוב | שיעור 9 - סיבה ותוצאה | שיעור 10 - מידע מטקסט לא-רציף | שיעור 11 - קבלת החלטות | שיעור 12 - כתיבת טיעון","","https://sandbox.lms.education.gov.il/course/view.php?id=23467","",""
"مهارات وإستراتيجيّات التنوّر اللغويّ - אוריינות לשונית ג","ערבית","על יסודי","מוודל","","ערבית","6 שיעורים","קורס ללימוד עצמי בערבית (חלק ג מתוך 3) — מיומנויות כתיבת עמדה, סיווג, אוריינות AI בערבית, הצגת נקודות מבט ויישום — כולל משימות הערכה","מקדמה | שיעור 13 - כתיבת דעה | שיעור 14 - סיווג | שיעור 15 - אוריינות AI בערבית | שיעור 16 - הצגת נקודות מבט | שיעור 17-18 - יישום והערכה","","https://sandbox.lms.education.gov.il/course/view.php?id=23468","",""
"نتحاور مع النصوص - דיאלוג עם טקסטים א","ערבית","על יסודי","מוודל","","ערבית","6 שיעורים","קורס ערבית (חלק א) העוסק בדיאלוג עם סוגי טקסטים — מבוא לשפה הערבית, ז'אנרים ספרותיים, שלוש שלבי קריאה וטקסט לא-רציף","מקדמה | שיעור 1 - מבוא לשפה הערבית | שיעור 2 - הז'אנר הספרותי | שיעור 3 - שלושה שלבי דיאלוג עם טקסט | שיעור 4 - שלב שלישי: אחרי הקריאה | שיעור 5 - הז'אנר הספרותי | שיעור 6 - טקסט לא-רציף","","https://sandbox.lms.education.gov.il/course/view.php?id=23453","",""
"نتحاور مع النصوص - דיאלוג עם טקסטים ב","ערבית","על יסודי","מוודל","","ערבית","6 שיעורים","קורס ערבית (חלק ב) העוסק בטקסטים ויזואליים ומידעניים — אינפוגרף, תרשימים, רשומות ומפות מושגים, כותרת בטקסט ויזואלי","מקדמה | שיעור 7 - אינפוגרף | שיעור 8 - תרשימים גרפיים | שיעור 9 - סוגי תרשימים | שיעור 10 - איורים ומפות מושגים | שיעור 11 - כותרת בטקסט ויזואלי | שיעור 12 - כותרת בטקסט ספרותי","","https://sandbox.lms.education.gov.il/course/view.php?id=23454","",""
"نتحاور مع النصوص - דיאלוג עם טקסטים ג","ערבית","על יסודי","מוודל","","ערבית","6 שיעורים","קורס ערבית (חלק ג) — כותרת בטקסט תפקודי, הערת שוליים, שיחה ודיאלוג, טקסט לא-רציף — עם יישום ומשוב","מקדמה | שיעור 13 - כותרת בטקסט תפקודי | שיעור 14 - הערת שוליים מדעית | שיעור 15 - הערת שוליים ספרותית | שיעור 16 - שיחה ודיאלוג | שיעור 17-18 - יישום הערכה ומשוב","","https://sandbox.lms.education.gov.il/course/view.php?id=23455","",""
"המراהקה והמראהקון - גיל ההתבגרות ג (ערבית דרוזית)","ערבית - חינוך דרוזי וצ'רקסי","על יסודי","מוודל","","ערבית","4 שיעורים","קורס ערבית (חלק ג) בנושא גיל ההתבגרות — ראיון, כתבה עיתונאית, רעיון מרכזי ותמצות עם כלי ניסוח מיוחדים","מקדמה | שיעור 10 - ראיון | שיעור 11 - כתבה | שיעור 12 - רעיון מרכזי | שיעור 13 - תלציר וניסוח","","https://sandbox.lms.education.gov.il/course/view.php?id=23458","",""
"الخيميائيّ - האלכימאי א (ערבית דרוזית)","ערבית - חינוך דרוזי וצ'רקסי","על יסודי","מוודל","","ערבית","6 שיעורים","קורס ניתוח רומן 'האלכימאי' בערבית (חלק א) — מסע אל עולם הרומן ועיסוק בעקרונות ספרותיים: יסודות רומן, קשרי סיבה, רצף אירועים. כולל סיפורי מקרה ודמויות","מקדמה | שיעור 1 - מקדמה | שיעור 2 - יסודות הרומן | שיעור 3 - השוואת מידע | שיעור 4 - קשרי סיבה | שיעור 5 - הפקת המטרה | שיעור 6 - רצף אירועים","","https://sandbox.lms.education.gov.il/course/view.php?id=23497","",""
"الخيميائيّ - האלכימאי ב (ערבית דרוזית)","ערבית - חינוך דרוזי וצ'רקסי","על יסודי","מוודל","","ערבית","5 שיעורים","קורס ניתוח רומן 'האלכימאי' בערבית (חלק ב) — מידע לא מפורש, דעות תלמידים, משמעות מילים בהקשר, הצגת שאלות והלך הרוח","מקדמה | שיעור 7 - מידע לא מפורש | שיעור 8 - דעות על דמויות | שיעור 9 - משמעות מילים בהקשר | שיעור 10 - הצגת שאלות והשערות | שיעור 11 - הלך הרוח","","https://sandbox.lms.education.gov.il/course/view.php?id=23498","",""
"الخيميائيّ - האלכימאי ג (ערבית דרוזית)","ערבית - חינוך דרוזי וצ'רקסי","על יסודי","מוודל","","ערבית","6 שיעורים","קורס ניתוח רומן 'האלכימאי' בערבית (חלק ג) — יחסים בין דמויות, דלאלות מילים, תכונות דמויות, מידע לא מפורש ועיצוב מודעה","מקדמה | שיעור 12 - יחסים בין דמויות | שיעור 13 - דלאלות מילים | שיעור 14 - תכונות דמויות | שיעור 15 - מידע לא מפורש | שיעור 16 - תפקידי דמויות | שיעור 17 - כתיבת מודעה","","https://sandbox.lms.education.gov.il/course/view.php?id=23499","",""
"المراهقة والمراهقون - גיל ההתבגרות א (ערבית דרוזית)","ערבית - חינוך דרוזי וצ'רקסי","על יסודי","מוודל","","ערבית","6 שיעורים","קורס ערבית (חלק א) בנושא גיל ההתבגרות — לומדים על מאפיינים ואתגרי גיל ההתבגרות, מיומנות שילוב ומידע לא מפורש","מקדמה | שיעור 1 - מבוא להתבגרות | שיעורים 2-3 - למה זו התקופה המסוכנת? | שיעור 4 - מיומנות שילוב | שיעור 5 - מידע לא מפורש | שיעור 6 - אנשה","","https://sandbox.lms.education.gov.il/course/view.php?id=23456","",""
"المراهقة والمراهقون - גיל ההתבגרות ב (ערבית דרוזית)","ערבית - חינוך דרוזי וצ'רקסי","על יסודי","מוודל","","ערבית","3 שיעורים","קורס ערבית (חלק ב) בנושא גיל ההתבגרות — זיהוי מטרת הטקסט, אפיון טקסט חדשותי ועיתונאי","מקדמה | שיעור 7 - זיהוי מטרת הטקסט | שיעור 8 - הטקסט החדשותי | שיעור 9 - תיאורי ורגשי בכתיבה","","https://sandbox.lms.education.gov.il/course/view.php?id=23457","",""
"مسرحيّة عدوّ الشعب - אויב העם א (ערבית דרוזית)","ערבית - חינוך דרוזי וצ'רקסי","על יסודי","מוודל","","ערבית","3 שיעורים","קורס ערבית (חלק א) ניתוח מחזה 'אויב העם' — היכרות עם נורווגיה, כניסה לעולם המחזה ותרגול סצנות","מקדמה | שיעור 1 - נסיעה לנורווגיה | שיעור 2 - כניסה לעולם המחזה | שיעור 3 - מתרגלים סצנה","","https://sandbox.lms.education.gov.il/course/view.php?id=23413","",""
"مسرحيّة عدوّ الشعب - אויב העם ב (ערבית דרוזית)","ערבית - חינוך דרוזי וצ'רקסי","על יסודי","מוודל","","ערבית","3 שיעורים","קורס ערבית (חלק ב) ניתוח מחזה 'אויב העם' — מיומנות חיפוש ודיאלוג, חוות דעת מנומקת, התפתחות עלילה","מקדמה | שיעור 4 - חיפוש ודיאלוג | שיעור 5 - חוות דעת מנומקת | שיעור 6 - התפתחות עלילה","","https://sandbox.lms.education.gov.il/course/view.php?id=23415","",""
"مسرحيّة عدوّ الشعب - אויב העם ג (ערבית דרוזית)","ערבית - חינוך דרוזי וצ'רקסי","על יסודי","מוודל","","ערבית","3 שיעורים","קורס ערבית (חלק ג) ניתוח מחזה 'אויב העם' — מעקב אחרי הפרקים הרביעי, חמישי ואחרון ואיסוף המחזה","מקדמה | שיעור 7 - התפתחות עלילה הפרק הרביעי | שיעור 8 - הפרק החמישי | שיעור 9 - הפרק האחרון וסיכום","","https://sandbox.lms.education.gov.il/course/view.php?id=23414","",""
"معًا من أجل بيئة נקייה ובריאה א (ערבית דרוזית)","ערבית - חינוך דרוזי וצ'רקסי","על יסודי","מוודל","","ערבית","4 שיעורים","קורס ערבית (חלק א) בנושא סביבה נקייה ובריאה — עוסק בזיהום, שינוי אקלים ובטמת הפחמן הפחמנית","מקדמה | שיעור 1 - מסע לסביבה ירוקה | שיעור 2 - זיהום - הסכנה הנסתרת | שיעור 3 - שינוי אקלים | שיעור 4 - טביעת רגל פחמנית","","https://sandbox.lms.education.gov.il/course/view.php?id=23459","",""
"معًا من أجل بيئة נקייה ובריאה ב (ערבית דרוזית)","ערבית - חינוך דרוזי וצ'רקסי","על יסודי","מוודל","","ערבית","3 שיעורים","קורס ערבית (חלק ב) בנושא סביבה — מגוון ביולוגי, אנרגיה מתחדשת וצריכה חכמה וקיימת","מקדמה | שיעור 5 - מגוון ביולוגי | שיעור 6 - אנרגיה מתחדשת | שיעור 7 - צריכה חכמה","","https://sandbox.lms.education.gov.il/course/view.php?id=23460","",""
"معًا من أجل بيئة נקייה ובריאה ג (ערבית דרוזית)","ערבית - חינוך דרוזי וצ'רקסי","על יסודי","מוודל","","ערבית","3 שיעורים","קורס ערבית (חלק ג) בנושא סביבה — פסולת אלקטרונית, חקלאות עירונית וסיכום משותף לסביבה טובה יותר","מקדמה | שיעור 8 - פסולת אלקטרונית | שיעור 9 - חקלאות עירונית | שיעור 10 - יד ביד לסביבה טובה","","https://sandbox.lms.education.gov.il/course/view.php?id=23461","",""
"אופטיקה יישומית - צילום סטילס","תחומי דעת - טכנולוגי","על יסודי","מוודל","","עברית","7 פרקים","קורס בצילום סטילס הבוחן את ההיסטוריה והטכניקה של הצילום — מהקאמרה אובסקורה ועד ניכוס ומניפולציה — כולל עיסוק בשפת הצילום ובסוגיות זכויות יוצרים","קאמרה אובסקורה | ארגז הכלים - מבוא לשפת הצילום | המצלמה | הפורטרט המצולם | צילום נוף טופוגרפיה וגלובליזציה | ניכוס ומניפולציה בצילום | צילום אינטימי ואלבומי משפחה","","https://sandbox.lms.education.gov.il/course/view.php?id=18955","",""
"הפקות בקולנוע","תחומי דעת - טכנולוגי","על יסודי","מוודל","","עברית","7 פרקים","קורס בהפקות קולנוע המלמד את עקרונות שפת הקולנוע — עריכה, פסקול, נקודת מבט, תנועות מצלמה ומיזנסצנה — עם כלי מעקב עצמי למשימות","שפת הקולנוע | עקרונות העריכה | פסקול להעצמת הסיפור הקולנועי | נקודת מבט ומשמעותה | תנועות המצלמה | מיזנסצנה - העמדה ועומק שדה | הלוקיישן","","https://sandbox.lms.education.gov.il/course/view.php?id=18950","",""
"זירות בתקשורת","תחומי דעת - טכנולוגי","על יסודי","מוודל","","עברית","5 זירות","קורס תקשורת חקרני הבוחן זירות תקשורת מגוונות — מהכיתה כזירת תקשורת ועד קליפים וספורט — כולל הומור וסאטירה וצילום עיתונות","חלוקה לקבוצות | זירה 1 - הכיתה כזירת תקשורת | זירה 5 - הומור סאטירה וביקורת | זירה 7 - צילום עיתונות | זירה 10 - קליפים | זירה 11 - תקשורת וספורט","","https://sandbox.lms.education.gov.il/course/view.php?id=18948","",""
"חדשנות דרך חשיבה עיצובית","תחומי דעת - טכנולוגי","על יסודי","מוודל","","עברית","9 פרקים","קורס המציג את מודל Dז של פרופ' עזרי טרזי לחשיבה עיצובית וחדשנות צוותית. עוקב אחר אבולוציית מוצרים ומלמד תהליך פיתוח יצירתי בשלבים — מחריש ועד קציר","פתיח - אודות הקורס | פרק 1: מה הופך מוצר לנחשק? | פרק 2: שבעת שלבי Dז | פרק 3: חריש - תשתית עיצוב | פרק 4: זריעה - מחקר עיצוב | פרק 5: נביטה - שדה של רעיונות | פרק 6: הנצה - עיצוב רעיון | פרק 7: פריחה והבשלה | פרק 8: קציר | סיכום","","https://sandbox.lms.education.gov.il/course/view.php?id=17585","",""
"למידה מבוססת דילמות – ל.מ.ד","תחומי דעת - טכנולוגי","על יסודי","מוודל","","עברית","5 יחידות","קורס הוראה המבוסס על דילמות ערכיות — מלמד כתיבה אקדמית, חקר עצמאי, רקע תיאורטי וניתוח שאלות יסוד ערכיות","יחידה 1: כתיבת מבוא | יחידה 2: רקע תאורטי | יחידה 3: חקר | יחידה 4: סיכום ודיון | יחידה 5: שאלות יסוד ערכיות","","https://sandbox.lms.education.gov.il/course/view.php?id=18945","",""
"מינהל וכלכלה - סביבה דיגיטלית למטלת הביצוע","תחומי דעת - טכנולוגי","על יסודי","מוודל","","עברית","11 יחידות","קורס מינהל וכלכלה מקיף הכולל ניהול פיננסי, תורת ארגון, שיווק, חשבונאות ומשאבי אנוש — עם פרויקט אישי/קבוצתי ורפלקציה יומנית","יחידה 1: ניהול פיננסי ואוריינות דיגיטלית | יחידה 2: תורת הארגון | יחידה 3: סביבה כלכלית | יחידה 4: מבוא לתמחיר | יחידה 5: מבוא לחשבונאות | יחידה 6: תורת השיווק | יחידה 7: משאבי אנוש | יחידה 8: איתור בעיה וגיבוש פתרון | יחידה 9: בניית התוצר | יחידה 10: רפלקציה | יחידה 11: הגשה סופית","","https://sandbox.lms.education.gov.il/course/view.php?id=17561","",""
"מכטרוניקה","תחומי דעת - טכנולוגי","על יסודי","מוודל","","עברית","7 מעבדות","קורס מעשי במכטרוניקה הכולל סדרת מעבדות פרקטיות עם רכיבים כגון LED, חיישני אור, מנועי DC וסרבו, ג'ויסטיק ומנועים נשלטים — תכנות ובקרה ממוחשבת","חומרי למידה של כל הקורס | מעבדה 1 - LED עם חיישן LDR | מעבדה 2 - RGB עם ג'ויסטיק | מעבדה 3 - תצוגת 7-Segment | מעבדה 4 - מנוע DC עם לחצן | מעבדה 5 - מנוע סרבו עם פוטנציומטר | מעבדה 6 - מנוע DC עם חיישן מרחק | מעבדה 7 - שליטה עם ממסר וחיישן להבה","","https://sandbox.lms.education.gov.il/course/view.php?id=17909","",""
"מנהיגות ויזמות בסביבה עסקית","תחומי דעת - טכנולוגי","על יסודי","מוודל","","עברית","4 רבעונים","קורס שנתי למנהיגות ויזמות המחולק לרבעונים — ממפגשי היכרות ועד יציאה להתמחות ופרויקט סיום — ומכין תלמידים לסביבה עסקית ממשית","תוכן העניינים | פתיחת שנה והיכרות - ספטמבר-אוקטובר | לקראת יציאה להתמחות - נובמבר-דצמבר | לאן אני רוצה להגיע ואיך? - ינואר-מרץ | פרויקט ותהליך הערכה - אפריל-יוני","","https://sandbox.lms.education.gov.il/course/view.php?id=18414","",""
"מערכות ארגוניות - PBL","תחומי דעת - טכנולוגי","על יסודי","מוודל","","עברית","9 שלבים","קורס למידה מבוססת פרויקטים (PBL) בנושא מערכות ארגוניות — תלמידים חוקרים בעיה ארגונית, מנתחים נתונים, מגבשים פתרונות ומגישים עבודה מחקרית. כולל פורום היוועצות","1. עקרונות ותהליכים בארגון | 2. חלוקה לקבוצות | 3. בחירת שאלת החקר | 4. איסוף מידע ומיזוגו | 5. אפיון הארגון ועיבוד נתונים | 6. סיכום ומסקנות | 7. הצעת פתרונות | 8. רפלקציה ומשוב עמיתים | 9. הגשה סופית","","https://sandbox.lms.education.gov.il/course/view.php?id=18423","",""
"סימולציות במדעי הבריאות","תחומי דעת - טכנולוגי","על יסודי","מוודל","","עברית","3 יחידות","קורס ליווי ללימוד הקליניקה במדעי הבריאות (70%) המציג סיפורי מקרה בנושאים רפואיים שונים עם שאלות הבנה — כולל הדמיות ו-simulations","נפרולוגיה | אנדוקרינולוגיה | גניקולוגיה","","https://sandbox.lms.education.gov.il/course/view.php?id=19002","",""
"פסיכולוגיה התפתחותית - חלק א","תחומי דעת - טכנולוגי","על יסודי","מוודל","","עברית","6 יחידות","קורס מבוא לפסיכולוגיה התפתחותית הכולל נושאי מנהיגות בקבוצה, גיל ההתבגרות ומזג, עם מילון מושגים ומבחן מסכם","יחידה 1 - פסיכולוגיה התפתחותית - נעים להכיר! | יחידה 2 - מנהיגות בקבוצה | יחידה 3 - גיל ההתבגרות | יחידה 4 - מזג | יחידה 5 - מילון מושגים | יחידה 6 - מבחן מסכם","","https://sandbox.lms.education.gov.il/course/view.php?id=18431","",""
"קורס מקוון למגמת חשמל","תחומי דעת - טכנולוגי","על יסודי","מוודל","","עברית","6 פרקים","קורס למגמת חשמל הכולל קטעי קריאה תיאורטיים, הדמיות ושאלות לתרגול ולסיכום בנושאי אלקטרוסטטיקה, מעגלים ואנרגיה חשמלית","מבוא לאלקטרוסטטיקה | מתח זרם התנגדות ומעגל חשמלי | אנרגיה והספק חשמל | מעגל טורי | מעגל מקבילי | מעגל מעורב","","https://sandbox.lms.education.gov.il/course/view.php?id=22328","",""
"אזרחות","תחומי דעת - עיוני","על יסודי","מוודל","","עברית","","","דף הבית | מדינה ואזרחים | שלטון | זכויות | כללי","","https://sandbox.lms.education.gov.il/course/view.php?id=22464","",""
"אמנות","תחומי דעת - עיוני","על יסודי","מוודל","","עברית","","","דף הבית | היסטוריה של האמנות | טכניקות | יצירה | כללי","","https://sandbox.lms.education.gov.il/course/view.php?id=18392","",""
"גיאוגרפיה","תחומי דעת - עיוני","על יסודי","מוודל","","עברית","","","דף הבית | גיאוגרפיה פיזית | גיאוגרפיה אנושית | ישראל | כללי","","https://sandbox.lms.education.gov.il/course/view.php?id=22336","",""
"היסטוריה לכיתה י׳","תחומי דעת - עיוני","על יסודי","מוודל","י׳","עברית","","","דף הבית | תקופת הביניים | עת החדשה | המאה ה-20 | כללי","","https://sandbox.lms.education.gov.il/course/view.php?id=23442","",""
"היסטוריה לכיתה י״א","תחומי דעת - עיוני","על יסודי","מוודל","י״א","עברית","","","דף הבית | המאה ה-20 | מלחמות העולם | ישראל המודרנית | כללי","","https://sandbox.lms.education.gov.il/course/view.php?id=23088","",""
"היסטוריה לכיתה י״ב","תחומי דעת - עיוני","על יסודי","מוודל","י״ב","עברית","","","דף הבית | היסטוריה מודרנית | ישראל | העולם | כללי","","https://sandbox.lms.education.gov.il/course/view.php?id=23087","",""
"מוזיקה","תחומי דעת - עיוני","על יסודי","מוודל","","עברית","","","דף הבית | תיאוריה מוזיקלית | היסטוריה של המוזיקה | כלי נגינה | כללי","","https://sandbox.lms.education.gov.il/course/view.php?id=18975","",""
"מחשבת ישראל","תחומי דעת - עיוני","על יסודי","מוודל","","עברית","","","דף הבית | מקרא | תלמוד | פילוסופיה יהודית | כללי","","https://sandbox.lms.education.gov.il/course/view.php?id=17574","",""
"סוציולוגיה","תחומי דעת - עיוני","על יסודי","מוודל","","עברית","","","דף הבית | מושגי יסוד | מוסדות חברתיים | שינוי חברתי | כללי","","https://sandbox.lms.education.gov.il/course/view.php?id=18396","",""
"ספרות","תחומי דעת - עיוני","על יסודי","מוודל","","עברית","","","דף הבית | פרוזה | שירה | דרמה | כללי","","https://sandbox.lms.education.gov.il/course/view.php?id=22562","",""
"פילוסופיה","תחומי דעת - עיוני","על יסודי","מוודל","","עברית","","","דף הבית | הגות עתיקה | הגות ימי הביניים | הגות המודרנית | כללי","","https://sandbox.lms.education.gov.il/course/view.php?id=20269","",""
"פסיכולוגיה","תחומי דעת - עיוני","על יסודי","מוודל","","עברית","","","דף הבית | מבוא לפסיכולוגיה | פסיכולוגיה התפתחותית | פסיכולוגיה חברתית | כללי","","https://sandbox.lms.education.gov.il/course/view.php?id=20040","",""
"תושב״ע","תחומי דעת - עיוני","על יסודי","מוודל","","עברית","","","דף הבית | משנה | תלמוד | הלכה | כללי","","https://sandbox.lms.education.gov.il/course/view.php?id=17576","",""
"תנ״ך","תחומי דעת - עיוני","על יסודי","מוודל","","עברית","","","דף הבית | תורה | נביאים | כתובים | כללי","","https://sandbox.lms.education.gov.il/course/view.php?id=18401","",""
"All About Me - Part 1 (צפייה)","אנגלית","יסודי","מוודל","","אנגלית","8 שיעורים","קורס אנגלית בנושא עצמי ומשפחה הכולל שיעורים על בית המגורים שעות ויום השבוע.","Lesson 1 - My House | Lesson 2 - My Favorite Room | Lesson 3 - My Family | Lesson 4 - The Visit | Lesson 5 - A Birthday Party | Lesson 6 - My Week | Lesson 7 - It's About Time | Lesson 8 - What Time Is It?","","https://artzi-y.lms.education.gov.il/course/view.php?id=864","",""
"All About Me - Part 2 - Grade 5 (צפייה)","אנגלית","יסודי","מוודל","ה","אנגלית","11 שיעורים","קורס אנגלית לכיתה ה' המשך לחלק הראשון הכולל נושאי בעלי חיים מקצועות ומזון.","Lesson 9 - Animals | Lesson 10 - Where the Wild Things Are | Lesson 11 - Pets | Lesson 12 - Horses | Lesson 13 - Guide Dogs | Lesson 14 - Special People | Lesson 15 - Jobs People Do | Lesson 16 - I Want to be an Astronaut! | Lesson 17 - I Want to be a Chef! | Lesson 18 - Let's Eat | Lesson 19 - Let's go to a Restaurant","","https://artzi-y.lms.education.gov.il/course/view.php?id=543","",""
"All About Me - Part 3 - Grade 5 (צפייה)","אנגלית","יסודי","מוודל","ה","אנגלית","11 שיעורים","קורס אנגלית לכיתה ה' חלק שלישי הכולל נושאי בריאות ספורט תחבורה ועיר.","Lesson 20 - Let's Review! | Lesson 21 - We are Healthy | Lesson 22 - We Are The Champions! | Lesson 23 - Let's Ride a Bike | Lesson 24 - Let's Jump! | Lesson 25 - Transportation | Lesson 26 - Let's Race | Lesson 27 - All Around Town | Lesson 28 - Where is It? | Lesson 29 - Friends Forever | Lesson 30 - It's Time to Move On!","","https://artzi-y.lms.education.gov.il/course/view.php?id=573","",""
"COME TRAVEL WITH ME - part 2 - Grade 6 (צפייה)","אנגלית","יסודי","מוודל","ו","אנגלית","10 שיעורים","קורס אנגלית לכיתה ו' המשך מסע לאירופה: בריטניה והולנד תוך לימוד תרבות אמנות וסביבה.","Lesson 12 - The United Kingdom | Lesson 13 - The Beatles | Lesson 14 - Yellow Submarine | Lesson 15 - Popular Sports in England | Lesson 16 A - British Bears | Lesson 16 B - British Bears | Lesson 17 - Leaving England | Lesson 18 - Welcome to the Netherlands | Lesson 19 - The Efteling | Lesson 20 - Climate Change | Lesson 21 - A Dutch Artist","","https://artzi-y.lms.education.gov.il/course/view.php?id=565","",""
"COME TRAVEL WITH ME - part 3 - Grade 6 (צפייה)","אנגלית","יסודי","מוודל","ו","אנגלית","8 שיעורים","קורס אנגלית לכיתה ו' חלק שלישי הכולל מסע ליפן פרו ודגלים ושפות בעולם.","Lesson 22 - The Land of the Rising Sun | Lesson 23 - Origami | Lesson 24 - Volcanoes in Japan | Lesson 25 - A Letter From a Friend | Lesson 26 - Peru | Lesson 27 - Flags Around the World | Lesson 28 - Languages Around the World | Lesson 29 - Coming Home","","https://artzi-y.lms.education.gov.il/course/view.php?id=591","",""
"Come Travel with Me - Part1 (צפייה)","אנגלית","יסודי","מוודל","","אנגלית","11 שיעורים","קורס אנגלית הלוקח את התלמידים למסע ברחבי העולם תוך לימוד שפה ותרבות.","Lesson 1 - Let Our Journey Begin | Lesson 2 - Visiting a City | Lesson 3 - People in the City | Lesson 4 - Asking for Directions | Lesson 5 - On My Way | Lesson 6 - Down Under | Lesson 7 - Australian Birds | Lesson 8 - The Didgeridoo | Lesson 9 - Great Barrier Reef | Lesson 10 - Australian Animals | Lesson 11 - The Outback of Australia","","https://artzi-y.lms.education.gov.il/course/view.php?id=863","",""
"מיפויים במדע וטכנולוגיה (צפייה)","כלי הערכה - ראמ""ה","יסודי","מוודל","ג'-ו'","עברית","4 שכבות","קורס המכיל משימות הערכה במדע וטכנולוגיה עבור שכבות כיתה ג' עד ו' עם הנחיות למורה.","מבוא | שכבה ג' | שכבה ד' | שכבה ה' | שכבה ו'","","https://artzi-y.lms.education.gov.il/course/view.php?id=613","",""
"אנרגייה חשמלית - כיתה ו' (צפייה)","מדע וטכנולוגיה","יסודי","מוודל","ו","עברית","3 שיעורים","יחידת לימוד לכיתה ו' על אנרגיה חשמלית בחיי היום-יום בטבע ובהשראה אלקטרו-מגנטית.","שיעור 1 - יתרונות השימוש באנרגייה חשמלית | שיעור 2 - אנרגייה חשמלית בטבע | שיעור 3 - השראה אלקטרו-מגנטית","","https://artzi-y.lms.education.gov.il/course/view.php?id=516","",""
"בריאות ומערכת הנשימה - כיתה ה' (צפייה)","מדע וטכנולוגיה","יסודי","מוודל","ה","עברית","3 שיעורים","יחידת לימוד לכיתה ה' על בריאות מערכת הנשימה עישון וזיהום אוויר ואורח חיים בריא.","מחלות נשימה – מניעה אבחון וטיפול | השפעת העישון על בריאות מערכת הנשימה | זיהום אוויר והשפעתו על הנשימה","","https://artzi-y.lms.education.gov.il/course/view.php?id=333","",""
"הפקת אנרגייה חשמלית - כיתה ו' (צפייה)","מדע וטכנולוגיה","יסודי","מוודל","ו","עברית","8 שיעורים","יחידת לימוד לכיתה ו' על הפקת אנרגיה חשמלית ממקורות שונים תחנות כוח ומקורות אנרגיה מתחדשים.","שיעור 1 - ניצול מקורות אנרגייה להפעלת מכשירים | שיעור 2 - תחנה להפקת חשמל כמערכת טכנולוגית | שיעור 3 - היבטים סביבתיים בעיות ופתרונות (חלק א) | שיעור 4 - היבטים סביבתיים בעיות ופתרונות (חלק ב) | שיעור 5 - מקורות אנרגייה מתחדשים חלק א | שיעור 6 - מקורות אנרגייה מתחדשים חלק ב | שיעור 7 - משימת סיכום ובחירת תחנה | שיעור 8 - חשבון החשמל","","https://artzi-y.lms.education.gov.il/course/view.php?id=539","",""
"חומרים - כיתה ה' (צפייה)","מדע וטכנולוגיה","יסודי","מוודל","ה","עברית","5 שיעורים","יחידת לימוד לכיתה ה' על תכונות מתכות כגון ברק צבע מצב צבירה ומוליכות חום.","1. מתכות - ברק צבע ומצב צבירה | 2. מתכות - טמפרטורת התכה | 3. מתכות - תכונת מוליכות חום | 4. מתכות - תכונות שונות | 5. מתכות - פעילות סיכום תכונות המתכות","","https://artzi-y.lms.education.gov.il/course/view.php?id=153","",""
"חשיבות הקשר בין מערכות בגוף - כיתה ה' (צפייה)","מדע וטכנולוגיה","יסודי","מוודל","ה","עברית","1 יחידה","יחידת לימוד לכיתה ה' העוסקת בקשרים בין מערכות הגוף החיוניים לתפקוד תקין של היצור החי.","חשיבות הקשר בין מערכות בגוף","","https://artzi-y.lms.education.gov.il/course/view.php?id=491","",""
"יחידה בנושא הזנה - כיתה ה' (צפייה)","מדע וטכנולוגיה","יסודי","מוודל","ה","עברית","7 שיעורים","יחידת לימוד לכיתה ה' על רכיבי מזון הרגלי תזונה נכונה ואורח חיים בריא.","1. סמלי מזון | 2. מה הם רכיבי מזון? | 3. חוקרים רכיבי מזון - חלק א' | 4. חוקרים רכיבי מזון - חלק ב' | 5. המלצות לצריכה יומית של מוצרי מזון | 6. תפריט יומי של אנשים במדינות בעולם | 7. מיישמים - רכיבי מזון והרגלי תזונה נכונה","","https://artzi-y.lms.education.gov.il/course/view.php?id=254","",""
"יחידה בנושא מים - כיתות ד'-ו' (צפייה)","מדע וטכנולוגיה","יסודי","מוודל","ד'-ו'","עברית","5 שיעורים","יחידת לימוד דו-לשונית (עברית וערבית) בנושא מים הכוללת אתגרי העברת מים מסע המים ושימור.","שיעור 1 - האתגרים בהעברת מים | שיעור 2 - מסע המים | שיעור 3 - מקורות המים | שיעור 4 - מהיכן נשיג עוד מים? | שיעור 5 - בוז לבזבוז","","https://artzi-y.lms.education.gov.il/course/view.php?id=616","",""
"יחידה בנושא מערכת הנשימה - כיתה ה' (צפייה)","מדע וטכנולוגיה","יסודי","מוודל","ה","עברית","6 שיעורים","יחידת לימוד לכיתה ה' על מבנה ותפקוד מערכת הנשימה הרכב האוויר וחילוף גזים בנשימה.","פעולת הנשימה - שאיפה ונשיפה | מערכת הנשימה - מבנה ותפקוד | מתכננים ובונים מכשיר למדידת נפח נשיפה | הרכב האוויר וחשיבות החמצן | חילוף גזים בנשימה | נשימה במצבים שונים","","https://artzi-y.lms.education.gov.il/course/view.php?id=315","",""
"יחידת חלל - מיישבים את מערכת השמש - כיתה ה' (צפייה)","מדע וטכנולוגיה","יסודי","מוודל","ה","עברית","5 שיעורים","יחידת לימוד לכיתה ה' על מערכת השמש והיקום בה תלמידים מתכננים התיישבות מחוץ לכדור הארץ.","שיעור 1 - המשימה – התיישבות מחוץ לכדור הארץ | שיעור 2 - בחירת המיקום להתיישבות החדשה | שיעור 3 - תכנון המסע | שיעור 4 - איך ייראו החיים בהתיישבות החדשה? | שיעור 5 - מצטרפים למהפכת החלל החדש","","https://artzi-y.lms.education.gov.il/course/view.php?id=451","",""
"מלחים וים המלח - כיתה ה' (צפייה)","מדע וטכנולוגיה","יסודי","מוודל","ה","עברית","3 שיעורים","יחידת לימוד לכיתה ה' על מלחים וים המלח תוך הדגש על שימוש בחומרים בהתאם לתכונותיהם.","שיעור 1 - מלח זה לא רק בישול | שיעור 2 - הפקת המלח מים המלח | שיעור 3 - אתגרים מלוחים","","https://artzi-y.lms.education.gov.il/course/view.php?id=484","",""
"משאבי טבע - כיתה ה' (צפייה)","מדע וטכנולוגיה","יסודי","מוודל","ה","עברית","3 שיעורים","יחידת לימוד לכיתה ה' על סוגי משאבי טבע השפעתם הסביבתית ואחריות האדם לשמירת הסביבה.","שיעור 1 - סוגי משאבים | שיעור 2 - המחיר הסביבתי של ניצול משאבי טבע | שיעור 3 - קבלת אחריות אישית על שמירת הסביבה","","https://artzi-y.lms.education.gov.il/course/view.php?id=446","",""
"נקודת חן - העשרה כיתות ה'-ו' (צפייה)","מדע וטכנולוגיה","יסודי","מוודל","ה'-ו'","עברית","8 שיעורים","משימות העשרה לתלמידים מחוננים ומצטיינים בכיתה ההטרוגנית הכוללות חידות וניסויים מדעיים.","חידת הדם | מחבואים בחלל - שיעור 1 | מחבואים בחלל - שיעור 2 | מחבואים בחלל - שיעור 3 | איך בונים בניין שמתקרר בעצמו? - שיעור 1 | איך בונים בניין שמתקרר בעצמו? - שיעור 2 | האומנם הזיעה מקררת? - שיעור 1 | האומנם הזיעה מקררת? - שיעור 2","מרכז המורים הארצי למדע וטכנולוגיה - אוניברסיטת תל-אביב בשיתוף האגף למחוננים","https://artzi-y.lms.education.gov.il/course/view.php?id=501","",""
"סלעים וקרקעות - תכונות - כיתה ה' (צפייה)","מדע וטכנולוגיה","יסודי","מוודל","ה","עברית","4 שיעורים","יחידת לימוד לכיתה ה' על תכונות סלעים וקרקעות ויחסי הגומלין הדינמיים בין מערכות כדור הארץ.","כיצד מזהים סלעים? | מסע בעקבות הסלעים | מה משותף לקרקעות? | במה שונות הקרקעות זו מזו?","","https://artzi-y.lms.education.gov.il/course/view.php?id=477","",""
"קרקעות וסלעים - כיתה ה' (צפייה)","מדע וטכנולוגיה","יסודי","מוודל","ה","עברית","2 שיעורים","יחידת לימוד לכיתה ה' על השפעת האדם על מערכות כדור הארץ וניצול מבוקר של משאבי קרקע.","שימוש במרכיבי סביבה שאינם חיים (דוממים) | מחיר סביבתי ופתרונות","","https://artzi-y.lms.education.gov.il/course/view.php?id=462","",""
"שינוי אקלים - כיתות ה'-ו' (צפייה)","מדע וטכנולוגיה","יסודי","מוודל","ה'-ו'","עברית","5 שיעורים","יחידת לימוד על שינוי אקלים התחממות כדור הארץ ופתרונות טכנולוגיים לשמירת הסביבה.","שיעור 1 - על מה כל הרעש? | שיעור 2 - כדור הארץ הולך ומתחמם | שיעור 3 - שינוי אקלים בכדור הארץ – מה קורה? | שיעור 4 - פתרונות טכנולוגיים לשמירה על הסביבה | שיעור 5 - לוקחים אחריות","מרכז המורים הארצי למדע וטכנולוגיה - אוניברסיטת תל-אביב","https://artzi-y.lms.education.gov.il/course/view.php?id=507","",""
"أهمية العلاقة بين أجهزة الجسم - חשיבות הקשר בין מערכות בגוף - כיתה ה' (צפייה)","מדע וטכנולוגיה","יסודי","מוודל","ה","ערבית","1 יחידה","יחידת לימוד בערבית לכיתה ה' על הקשרים בין מערכות הגוף החיוניים לתפקוד תקין של היצור החי.","أهمية العلاقة بين أجهزة الجسم","","https://artzi-y.lms.education.gov.il/course/view.php?id=493","",""
"الاتربة والصخور - קרקעות וסלעים - כיתה ה' (צפייה)","מדע וטכנולוגיה","יסודי","מוודל","ה","ערבית","2 שיעורים","יחידת לימוד בערבית לכיתה ה' על השפעת האדם על מערכות כדור הארץ וניצול מבוקר של משאבי קרקע.","استخدامات المركبات البيئية غير الحية | الثمن البيئي لاستخدام المركبات البيئية","","https://artzi-y.lms.education.gov.il/course/view.php?id=464","",""
"الاتصال والجهاز العصبي - תקשורת ומערכת העצבים - כיתה ו' (צפייה)","מדע וטכנולוגיה","יסודי","מוודל","ו","ערבית","3 שיעורים","יחידת לימוד בערבית לכיתה ו' על מערכת העצבים האיברים החושיים ותפיסת גירויים מהסביבה.","الدرس الأول - الاتصال والجهاز العصبي | الدرس الثاني - الجهاز العصبي: المبنى والوظيفة | الدرس الثالث - التطورات التكنولوجية","","https://artzi-y.lms.education.gov.il/course/view.php?id=499","",""
"التنوع البيولوجي – המגוון הביולוגי - כיתה ו' (צפייה)","מדע וטכנולוגיה","יסודי","מוודל","ו","ערבית","3 שיעורים","יחידת לימוד בערבית לכיתה ו' על המגוון הביולוגי חשיבותו והשפעת האדם על השמירה עליו.","تنوع الأنواع والتنوع البيولوجي | تدخل الإنسان وتأثيره على التنوع البيولوجي | الحفاظ على التنوع البيولوجي في الطبيعة","","https://artzi-y.lms.education.gov.il/course/view.php?id=455","",""
"الصحة والجهاز التنفسي - בריאות ומערכת הנשימה - כיתה ה' (צפייה)","מדע וטכנולוגיה","יסודי","מוודל","ה","ערבית","3 שיעורים","יחידת לימוד בערבית לכיתה ה' על בריאות מערכת הנשימה השפעת עישון וזיהום אוויר.","أمراض جهاز التنفس - الوقاية والتشخيص والعلاج | تأثير التدخين على صحة الجهاز التنفسي | تلوث الهواء وتأثيره على عملية التنفس","","https://artzi-y.lms.education.gov.il/course/view.php?id=330","",""
"الصخور والأتربة - المميزات - סלעים וקרקעות - תכונות - כיתה ה' (צפייה)","מדע וטכנולוגיה","יסודי","מוודל","ה","ערבית","4 שיעורים","יחידת לימוד בערבית לכיתה ה' על תכונות סלעים וקרקעות ויחסי הגומלין הדינמיים בין מערכות כדור הארץ.","كيف نميز الصخور؟ | رحلة في اعقاب الصخور | ما هو القاسم المشترك بين أنواع الأتربة؟ | كيف تختلف الأتربة عن بعضها البعض؟","","https://artzi-y.lms.education.gov.il/course/view.php?id=478","",""
"الطاقة - אנרגיה - כיתה ו' (צפייה)","מדע וטכנולוגיה","יסודי","מוודל","ו","ערבית","4 שיעורים","יחידת לימוד בערבית לכיתה ו' על סוגי האנרגיה השונים המרת אנרגיה והעברתה בין גופים.","الدرس 1 - إنرجي لاند - القسم أ | الدرس 1 - إنرجي لاند - القسم ب | الدرس 2 - تحويلات الطاقة | الدرس 3 - انتقال الطاقة","","https://artzi-y.lms.education.gov.il/course/view.php?id=489","",""
"الطاقة الصوتية - אנרגיית קול - כיתה ו' (צפייה)","מדע וטכנולוגיה","יסודי","מוודל","ו","ערבית","5 שיעורים","יחידת לימוד בערבית לכיתה ו' על אנרגיית הקול גלי הקול השתקפות וטכנולוגיות שמע.","الدرس 1 - كيف يتكون الصوت وكيف يمر | الدرس 2 - الصوت له شدة وارتفاع | الدرس 3 - الصوت المنعكس والمُبتلع | الدرس 4 - تقنيات لتكبير الصوت ونقله | الدرس 5 - الموجات فوق الصوتية","","https://artzi-y.lms.education.gov.il/course/view.php?id=472","",""
"الطاقة الضوئية - אנרגיית אור - כיתה ו' (צפייה)","מדע וטכנולוגיה","יסודי","מוודל","ו","ערבית","7 שיעורים","יחידת לימוד בערבית לכיתה ו' על אנרגיית האור תופעות אור השתקפות שבירה וטכנולוגיות.","الدرس 1 - ظواهر متعلّقة بالضوء | الدرس 2 - عجلة نيوتن وتركيب الألوان | الدرس 3 - انتاج الضوء وابتلاعه | الدرس 4 - انتقال الضوء | الدرس 5 - انعكاس الضوء | الدرس 6 - إنكسار الضوء | الدرس 7 - الجوانب التكنولوجية للضوء","","https://artzi-y.lms.education.gov.il/course/view.php?id=468","",""
"الطاقة الكهربائية - אנרגייה חשמלית - כיתה ו' (צפייה)","מדע וטכנולוגיה","יסודי","מוודל","ו","ערבית","3 שיעורים","יחידת לימוד בערבית לכיתה ו' על אנרגיה חשמלית בטבע ובחיי היום-יום ועל השראה אלקטרומגנטית.","الدرس الأول - التعرف على الجانب الإيجابي للطاقة الكهربائية | الدرس الثاني - الطاقة الكهربائية في الطبيعة | الدرس الثالث - الإلهام الكهرومغناطيسي","","https://artzi-y.lms.education.gov.il/course/view.php?id=518","",""
"المواد - חומרים - כיתה ה' (צפייה)","מדע וטכנולוגיה","יסודי","מוודל","ה","ערבית","5 שיעורים","יחידת לימוד בערבית לכיתה ה' על תכונות מתכות ברק צבע מצב צבירה מוליכות חום ועוד.","1. الدرس الأول: مصهر شركة الزينة (افتتاحية) | 2. المعادن: درجة الانصهار | 3. المعادن - ميزة التوصيل الحراري | 4. المعادن – صفات مختلفة | 5. المعادن - فعالية اجمال صفات المعادن","","https://artzi-y.lms.education.gov.il/course/view.php?id=158","",""
"الموارد الطبيعية - משאבי טבע - כיתה ה' (צפייה)","מדע וטכנולוגיה","יסודי","מוודל","ה","ערבית","3 שיעורים","יחידת לימוד בערבית לכיתה ה' על סוגי משאבי טבע מחירם הסביבתי ואחריות האדם לשמירת הסביבה.","الدرس الأول - أنواع الموارد | الدرس الثاني - التكلفة البيئية لاستغلال موارد الطبيعة | الدرس الثالث - تحمل المسؤولية الشخصية على الحفاظ على البيئة","","https://artzi-y.lms.education.gov.il/course/view.php?id=443","",""
"انتاج الطاقة الكهربائية - הפקת אנרגיה חשמלית - כיתה ו' (צפייה)","מדע וטכנולוגיה","יסודי","מוודל","ו","ערבית","8 שיעורים","יחידת לימוד בערבית לכיתה ו' על הפקת אנרגיה חשמלית ממקורות שונים תחנות כוח ואנרגיה מתחדשת.","الدرس 1 - استخدام مصادر الطاقة لتشغيل المولد | الدرس 2 - محطة توليد الكهرباء كمنظومة تكنولوجية | الدرس 3 - الجوانب البيئية (مشاكل وحلول) أ | الدرس 4 - الجوانب البيئية (مشاكل وحلول) ب | الدرس 5 - مصادر الطاقة المتجددة أ | الدرس 6 - مصادر الطاقة المتجددة ب | الدرس 7 - مهمة الاجمال واختيار محطة التوليد | الدرس 8 - فاتورة الكهرباء","","https://artzi-y.lms.education.gov.il/course/view.php?id=540","",""
"تغير المناخ - שינוי אקלים - כיתות ה'-ו' (צפייה)","מדע וטכנולוגיה","יסודי","מוודל","ה'-ו'","ערבית","5 שיעורים","יחידת לימוד בערבית על שינוי אקלים והתחממות כדור הארץ ופתרונות טכנולוגיים לשמירת הסביבה.","الدرس 1 - ما سبب كل هذا الضجيج؟ | الدرس 2 - ارتفاع درجة حرارة الكرة الأرضية | الدرس 3 - تغير المناخ على الكرة الأرضية | الدرس 4 - الحلول التكنولوجية لحماية الكرة الأرضية | الدرس 5 - نتحمل المسؤولية","מרכז המורים הארצי למדע וטכנולוגיה - אוניברסיטת תל-אביב","https://artzi-y.lms.education.gov.il/course/view.php?id=508","",""
"علاقات البقاء - طريق الهروب - יחסי גומלין - מסלול בריחה - כיתה ו' (צפייה)","מדע וטכנולוגיה","יסודי","מוודל","ו","ערבית","7 תחנות","יחידת לימוד חקרנית בערבית לכיתה ו' על יחסי גומלין בין יצורים חיים ובינם לבין הסביבה.","محطة 1 | محطة 2 | محطة 3 | محطة 4 | محطة 5 | محطة 6 | محطة 7","","https://artzi-y.lms.education.gov.il/course/view.php?id=513","",""
"فضاء - חלל - כיתה ה' (צפייה)","מדע וטכנולוגיה","יסודי","מוודל","ה","ערבית","5 שיעורים","יחידת לימוד בערבית לכיתה ה' על מערכת השמש והיקום ותכנון התיישבות מחוץ לכדור הארץ.","الدرس 1 – الاستيطان خارج الكرة الأرضية | الدرس 2 – اختيار موقع المستوطنة الجديدة | الدرس 3 - التخطيط للرحلة | الدرس 4 - كيف ستبدو الحياة في المستوطنة الجديدة؟ | الدرس 5 - انضموا إلى ثورة الفضاء الجديدة","","https://artzi-y.lms.education.gov.il/course/view.php?id=454","",""
"ملائمة الكائنات الحية للبيئة - התאמות יצורים לסביבה - כיתה ו' (צפייה)","מדע וטכנולוגיה","יסודי","מוודל","ו","ערבית","6 שיעורים","יחידת לימוד בערבית לכיתה ו' על התאמות יצורים חיים לסביבות שונות ועיצוב מוצרים בהשראת טבע.","مرحبًا بكم في متنزه الطبيعة | تكيّف الكائنات الحيّة في بيئة شاطئ البحر | مميزات البيئة في صحراء النقب | ملائمات الحيوانات لبيئتها | ملائمات الكائنات الحية مع البيئة | تصميم منتجات صناعية – مستوحات من الطبيعة","","https://artzi-y.lms.education.gov.il/course/view.php?id=201","",""
"وحدات إثراء - נקודת חן כיתות ה'-ו' (צפייה)","מדע וטכנולוגיה","יסודי","מוודל","ה'-ו'","ערבית","8 שיעורים","משימות העשרה בערבית לתלמידים מחוננים ומצטיינים הכוללות חידות ביולוגיות ניסויים ואתגרי חלל.","لغز الدم | الإختباء في الفضاء - الدرس 1 | الإختباء في الفضاء - الدرس 2 | الإختباء في الفضاء - الدرس 3 | كيف نبني مبنى يبرد نفسه؟ - درس 1 | كيف نبني مبنى يبرد نفسه؟ - درس 2 | هل حقاً العرق يبرّد؟ - الدرس 1 | هل حقاً العرق يبرّد؟ - الدرس 2","מרכז המורים הארצי למדע וטכנולוגיה - אוניברסיטת תל-אביב","https://artzi-y.lms.education.gov.il/course/view.php?id=503","",""
"وحدة الاملاح والبحر الميت - מלחים וים המלח - כיתה ה' (צפייה)","מדע וטכנולוגיה","יסודי","מוודל","ה","ערבית","3 שיעורים","יחידת לימוד בערבית לכיתה ה' על מלחים וים המלח ושימוש בחומרים בהתאם לתכונותיהם.","الدرس 1 - الملح ليس فقط للطبخ | الدرس 2 - إنتاج الملح من البحر الميت | الدرس 3 - التحديات المالحة","","https://artzi-y.lms.education.gov.il/course/view.php?id=485","",""
"وحدة تعليمية في موضوع التغذية - הזנה - כיתה ה' (צפייה)","מדע וטכנולוגיה","יסודי","מוודל","ה","ערבית","7 שיעורים","יחידת לימוד בערבית לכיתה ה' על רכיבי מזון הרגלי תזונה נכונה ואורח חיים בריא.","1. الترميز الغذائي | 2. ما هي مركبات الغذاء؟ | 3. نبحث في مركبات الغذاء - القسم الأول | 4. نبحث عن مركبات الغذاء – القسم ب | 5. نماذج لتخطيط الاستهلاك اليومي | 6. قائمة الغذاء اليومية لأشخاص من مختلف الدول | 7. تطبيق فعالية - مكونات الغذاء وعادات التغذية","","https://artzi-y.lms.education.gov.il/course/view.php?id=260","",""
"وحدة تعليمية في موضوع الجهاز التنفسي - מערכת הנשימה - כיתה ה' (צפייה)","מדע וטכנולוגיה","יסודי","מוודל","ה","ערבית","6 שיעורים","יחידת לימוד בערבית לכיתה ה' על מבנה ותפקוד מערכת הנשימה הרכב האוויר וחילוף גזים.","عملية التنفس – الشهيق والزفير | الجهاز التنفسي - البناء والوظيفة | نبني جهازًا لقياس أقصى حجم للهواء | تركيب الهواء وأهمية الأكسجين | تبادل الغازات في عملية التنفس | التنفس في الأوضاع المختلفة","","https://artzi-y.lms.education.gov.il/course/view.php?id=322","",""
"אחוזים (צפייה)","מתמטיקה","יסודי","מוודל","","עברית","4 שיעורים","קורס מתמטיקה על אחוזים הכולל הגדרה חישוב ערך האחוז וחישוב בעל-פה והנחה.","מהו אחוז? | חישוב ערך האחוז | אחוזים - חישוב בעל פה | אחוזים (הנחה והתייקרות)","LNET","https://artzi-y.lms.education.gov.il/course/view.php?id=819","",""
"הכרת מספרים עשרוניים (צפייה)","מתמטיקה","יסודי","מוודל","","עברית","5 שיעורים","קורס מתמטיקה על מספרים עשרוניים הכולל השוואה ייצוג כשבר ומושגי העשירית והמאית.","השוואת מספרים עשרוניים | מספרים עשרוניים - העשירית | ייצוג שבר כמספר עשרוני | ייצוג מספר עשרוני כשבר | מספרים עשרוניים – המאית","LNET","https://artzi-y.lms.education.gov.il/course/view.php?id=859","",""
"חיבור וחיסור במספרים עשרוניים (צפייה)","מתמטיקה","יסודי","מוודל","","עברית","3 שיעורים","קורס מתמטיקה על חיבור וחיסור של מספרים עשרוניים כולל העמקה וחישוב בעל-פה.","חיבור וחיסור במספרים עשרוניים | חיבור וחיסור מספרים עשרוניים – העמקה | חיבור וחיסור של מספרים עשרוניים בעל־פה","LNET","https://artzi-y.lms.education.gov.il/course/view.php?id=850","",""
"חיבור וחיסור שברים (צפייה)","מתמטיקה","יסודי","מוודל","","עברית","3 שיעורים","קורס מתמטיקה על חיבור וחיסור שברים עם מכנים שווים שונים ויחס כפולה.","שברים עם מכנים שווים | שברים שבהם מכנה אחד הוא כפולה של האחר | שברים עם מכנים שונים","LNET","https://artzi-y.lms.education.gov.il/course/view.php?id=841","",""
"כפל וחילוק במספרים עשרוניים (צפייה)","מתמטיקה","יסודי","מוודל","","עברית","4 שיעורים","קורס מתמטיקה על כפל מספרים שלמים ועשרוניים וחילוקם ב-10 וב-100.","כפל מספרים שלמים במספרים עשרוניים | כפל מספרים עשרוניים | כפל מספרים עשרוניים ב-10 וב-100 | חילוק מספר עשרוני ב-10 וב-100","LNET","https://artzi-y.lms.education.gov.il/course/view.php?id=846","",""
"מידות עשרוניות (צפייה)","מתמטיקה","יסודי","מוודל","","עברית","2 שיעורים","קורס מתמטיקה על המרת יחידות אורך ומשקל עם מספרים עשרוניים.","מעבר בין יחידות אורך | מעבר בין יחידות משקל שונות","LNET","https://artzi-y.lms.education.gov.il/course/view.php?id=826","",""
"ממוצע (צפייה)","מתמטיקה","יסודי","מוודל","","עברית","6 שיעורים","קורס מתמטיקה על מושג הממוצע תכונותיו ופיזור האיברים בחישובו כערך ביניים.","ממוצע כערך ביניים | תכונות הממוצע | פיזור איברים בחישוב ממוצע | הקטנת איברים בקבוצה והשפעתה על הממוצע | השפעת ערכי האיברים על הממוצע | ממוצע כמספר שאינו שלם","LNET","https://artzi-y.lms.education.gov.il/course/view.php?id=871","",""
"التعرّف على الأعداد العشريّة - הכרת מספרים עשרוניים (צפייה)","מתמטיקה","יסודי","מוודל","","ערבית","5 שיעורים","קורס מתמטיקה בערבית על מספרים עשרוניים הכולל השוואה ייצוג כשבר ומושגי העשירית והמאית.","مُقارَنة أَعْداد عَشْرِيَّة | التَّعَرُّف عَلَى الأَعْدَاد الْعَشْرِيَّة | تَـمْثِيل كَسْر كَعَدَد عَشْرِيّ | تَـمْثِيل عَدَد عَشْرِيّ كَكَسْر | الْأَعْدَاد الْعَشْرِيَّة – الجُزء المئوي","LNET","https://artzi-y.lms.education.gov.il/course/view.php?id=858","",""
"المُعدَّل - ממוצע (צפייה)","מתמטיקה","יסודי","מוודל","","ערבית","6 שיעורים","קורס מתמטיקה בערבית על מושג הממוצע תכונותיו ושיטות חישובו כערך ביניים.","المُعَدَّل كَقِيمَة وَسَطِيَّة | صِفات المُعَدَّل | تَوزيع الحُدود في حِساب المُعَدَّل | تَصغير حُدود في مجموعةٍ وتأثيرُه | تَأثيرُ قِيَم الحُدود على المُعَدَّل | المُعَدَّل كَعَدَد غَيْر صَحِيح","LNET","https://artzi-y.lms.education.gov.il/course/view.php?id=872","",""
"النّسبة المئويّة - אחוזים (צפייה)","מתמטיקה","יסודי","מוודל","","ערבית","4 שיעורים","קורס מתמטיקה בערבית על אחוזים הכולל הגדרה חישוב וחישוב הנחה והתייקרות.","ما هي النِّسْبَة المِئَويَّة؟ | حِساب قِيمَة النِّسْبَة المِئَوِيَّة | النِّسْب الْمِئَوِيَّة – حِسَاب בעל פה | النِّسْبَة الْمِئَوِيَّة - خَصْم وَارتِفَاع","LNET","https://artzi-y.lms.education.gov.il/course/view.php?id=820","",""
"جمع وطرح كسور بسيطة - חיבור וחיסור שברים (צפייה)","מתמטיקה","יסודי","מוודל","","ערבית","3 שיעורים","קורס מתמטיקה בערבית על חיבור וחיסור שברים עם מכנים שווים שונים ויחס כפולה.","كُسُور لها نَفْس الْمَقَام | كُسُور يَكُون فِيهَا أَحَد الْمَقَامَيْن كَضِعف الآخر | كُسور مَقامَاتها مُختَلِفَة","LNET","https://artzi-y.lms.education.gov.il/course/view.php?id=842","",""
"جَمع وَطَرح أعداد عَشرِيَّة - חיבור וחיסור במספרים עשרוניים (צפייה)","מתמטיקה","יסודי","מוודל","","ערבית","3 שיעורים","קורס מתמטיקה בערבית על חיבור וחיסור של מספרים עשרוניים כולל העמקה וחישוב בעל-פה.","جَمْع وَطَرْح أعْداد عشْرِيَّة | جَمع وَطَرح أعداد عَشرِيَّة - تَعَمُّق | جَمع وَطَرح أعداد عَشرِيَّة - شَفَهِيًّا","LNET","https://artzi-y.lms.education.gov.il/course/view.php?id=851","",""
"ضرب وقسمة الأعداد عشريّة - כפל וחילוק במספרים עשרוניים (צפייה)","מתמטיקה","יסודי","מוודל","","ערבית","4 שיעורים","קורס מתמטיקה בערבית על כפל מספרים שלמים ועשרוניים וחילוק מספרים עשרוניים ב-10 וב-100.","ضَرْب أَعْداد صَحِيحَة في أَعْداد عَشْرِيَّة | ضَرْب أَعْداد عَشْرِيَّة | ضَرب أعدادٍ عشريّة في 10 وفي 100 | قِسْمَة عَدَد عَشْرِيّ عَلَى 10 وَعَلَى 100","LNET","https://artzi-y.lms.education.gov.il/course/view.php?id=847","",""
"قياسات عشريّة - מידות עשרוניות (צפייה)","מתמטיקה","יסודי","מוודל","","ערבית","2 שיעורים","קורס מתמטיקה בערבית על המרת יחידות אורך ומשקל עשרוניות.","تَحْوِيل وَحَدَات الطُّول | تَحْويل وَحَدات وَزْن مُخْتَلِفَة","LNET","https://artzi-y.lms.education.gov.il/course/view.php?id=827","",""
"אני והסביבה שלי (צפייה)","עברית - חינוך ערבי","יסודי","מוודל","","עברית","11 שיעורים","קורס עברית כשפה שניה לחינוך הערבי על הבית המשפחה הזמן הפנוי עונות השנה והסביבה.","1 - הבית שלי | 2 - החדר שלי | 3 - המשפחה שלי | 4 - טיול בעיר | 5 - סדר יום | 6 - הזמן הפנוי שלי | 7 - תחביבים | 8 - עונות השנה | 9 - טבע וסביבה | 10 - סביבה ירוקה | 11 - מבדק מסכם","מט""ח","https://artzi-y.lms.education.gov.il/course/view.php?id=868","",""
"בואו נטייל ביחד (צפייה)","עברית - חינוך ערבי","יסודי","מוודל","","עברית","15 שיעורים","קורס עברית כשפה שניה לחינוך הערבי הכולל טיול ברחבי ישראל ולמידת ערים אתרי טבע ותחבורה.","שיעור 1 - בואו נצא לטייל | שיעור 2 - נכיר את העיר | שיעור 3 - בעלי מקצוע | שיעור 4 - מטיילים בארץ | שיעור 5 - אילת | שיעור 6 - באר שבע | שיעור 7 - תל אביב-יפו | שיעור 8 - נצרת | שיעור 9 - ירושלים | שיעור 10 - חיפה | שיעור 11 - יחידה מסכמת א' | שיעור 12 - חופים בישראל | שיעור 13 - נמלי תעופה | שיעור 14 - שמורות טבע | שיעור 15 - יחידה מסכמת ב'","מט""ח","https://artzi-y.lms.education.gov.il/course/view.php?id=920","",""
"יחידות הוראה עברית שפה שניה לכיתות א'-ב' - טרום A1 (צפייה)","עברית - חינוך ערבי","יסודי","מוודל","א'-ב'","עברית","3 שיעורים (ומעלה)","קורס עברית כשפה שניה לכיתות א'-ב' ברמת טרום A1 הכולל נושאי משפחה בעלי חיים ושירי ילדים.","המשפחה שלי | בעלי חיים | שירי ילדים | כללי","מט""ח","https://artzi-y.lms.education.gov.il/course/view.php?id=867","",""
"رحلتي مع عوالم التفكير - الجزء أ - עולמות החשיבה א' (צפייה)","ערבית","יסודי","מוודל","","ערבית","6 שיעורים","קורס ערבית למיומנויות חשיבה - חלק א', מסע לשוני לפיתוח מיומנויות הבנת הנקרא ניתוח השוואה וסיכום.","درس 1 - مهارة الاستماع | درس 2 - الفكرة المركزيّة | درس 3 - مهارة التلخيص | درس 4 - مهارة المقارنة | درس 5 - السبب والنتيجة | درس 6 - مهارة التحليل","","https://artzi-y.lms.education.gov.il/course/view.php?id=836","",""
"رحلتي مع عوالم التفكير - الجزء أ - עולמות החשיבה ב' (צפייה)","ערבית","יסודי","מוודל","","ערבית","6 יחידות","קורס ערבית למיומנויות חשיבה גבוהות - חלק ב' הכולל שילוב מקורות הבעה שבעל-פה חשיבה ביקורתית ויצירתית.","7. مهارة دمج المعلومات من مصادر متعدّدة | 8. مهارة التعبير الشفويّ | 9. مهارة التفكير النقديّ | 10. التفكير الإبداعيّ | 11. الثروة اللغويّة | 12. صياغة الإجابة بلغتي","","https://artzi-y.lms.education.gov.il/course/view.php?id=837","",""
"رحلتي مع عوالم التفكير - الجزء ج - עולמות החשיבה ג' (צפייה)","ערבית","יסודי","מוודל","","ערבית","6 שיעורים","קורס ערבית לחינוך הערבי העוסק במיומנויות חשיבה גבוהות כגון כתיבת דעה טיעון סיווג וקבלת החלטות.","13 - מיומנות כתיבת הדעה | 14 - מיומנות כתיבת הטענה/ההוכחה | 15 - מיומנות הסיווג | 16 - מיומנות קבלת החלטות | 17 - הקשר חלק-כלל | 18 - משוב מרתד","","https://artzi-y.lms.education.gov.il/course/view.php?id=838","",""
"نوافذ لغويّة - جزء أ - חלונות לשפה חלק א' - יסודי (צפייה)","ערבית","יסודי","מוודל","","ערבית","6 יחידות","קורס ערבית ללמידה עצמאית בנושאי שפה - חלק א' הכולל מאפייני השפה הערבית אוצר מילים מודעות ונשפה.","1. مميّزات اللّغة العربيّة | 2. الثّروة الّلغويّة | 3. الدعوة والإعلان | 4. نصّ إخباريّ تعليميّ | 5. النصّ البصريّ | 6. النصّ غير المتّصل","","https://artzi-y.lms.education.gov.il/course/view.php?id=813","",""
"نوافذ لغويّة - جزء ب - חלונות לשפה חלק ב' - יסודי (צפייה)","ערבית","יסודי","מוודל","","ערבית","6 יחידות","קורס ערבית ללמידה עצמאית - חלק ב' הכולל טקסטים שכנוע מאמר דעה הנחיות ושאלות כנוסח.","7. النّصّ الإقناعيّ | 8. مقالة الرأي | 9. النصّ الإرشاديّ | 10. السؤال كنصّ | 11. العنوان كنصّ | 12. القصّة القصيرة","","https://artzi-y.lms.education.gov.il/course/view.php?id=814","",""
"نوافذ لغويّة - جزء ج - חלונות לשפה חלק ג' - יסודי (צפייה)","ערבית","יסודי","מוודל","","ערבית","6 יחידות","קורס ערבית ללמידה עצמאית - חלק ג' הכולל שירה ביוגרפיה פתגמים ואגדה ואומנות עממית.","13. النصّ الشعريّ | 14. السيرة الذاتيّة | 15. الأمثال الشعبيّة | 16. قصّة مثل | 17. الأغنية الشعبيّة | 18. تغذية مرتدّة","","https://artzi-y.lms.education.gov.il/course/view.php?id=815","",""
"التغذية الصحّيّة – الجزء الأوّل - תזונה בריאה א' (צפייה)","ערבית - חינוך דרוזי וצ'רקסי","יסודי","מוודל","","ערבית","4 שיעורים","קורס תזונה בריאה בערבית לחינוך הדרוזי - חלק א' הכולל דרך הבריאות רכיבי מזון וקשת המזון.","درس 1 - طريق العافية نحو حياة صحّيّة | درس 2 - العناصر الغذائيّة الأساسيّة | درس 3 - أهمّيّة التّغذية السّليمة | درس 4 - القوس الغذائيّ","ממשק","https://artzi-y.lms.education.gov.il/course/view.php?id=830","",""
"التغذية الصحّيّة – الجزء الثاني - תזונה בריאה ב' (צפייה)","ערבית - חינוך דרוזי וצ'רקסי","יסודי","מוודל","","ערבית","4 שיעורים","קורס תזונה בריאה בערבית לחינוך הדרוזי - חלק ב' הכולל תזונה ים-תיכונית ירקות ופירות ושומנים.","درس 5 - تغذية حوض الأبيض المتوسّط | درس 6 - أبيضان يهدّدان صحتك | درس 7 - صيدليّة الطّبيعة الملوّنة | درس 8 - أنواع الدّهون وتأثيرها على الجسم","ממשק","https://artzi-y.lms.education.gov.il/course/view.php?id=831","",""
"صحّتي كنزي - الجزء الأول - הבריאות היא האוצר שלי א' (צפייה)","ערבית - חינוך דרוזי וצ'רקסי","יסודי","מוודל","","ערבית","4 שיעורים","קורס בריאות בערבית לחינוך הדרוזי - חלק א' הכולל חלבונים סיבים נמט חיים בריא ורגישויות מזון.","درس 1 - البروتينات ومصادرها | درس 2 - الأطعمة الغنيّة بالألياف | درس 3 - نمط حياة صحّيّ | درس 4 - الحساسيّة الغذائيّة","ממשק","https://artzi-y.lms.education.gov.il/course/view.php?id=854","",""
"صحّتي كنزي - الجزء الثاني - הבריאות היא האוצר שלי ב' (צפייה)","ערבית - חינוך דרוזי וצ'רקסי","יסודי","מוודל","","ערבית","4 שיעורים","קורס בריאות בערבית לחינוך הדרוזי - חלק ב' הכולל שתיית מים פעילות גופנית שינה ונקיון.","درس 5 - أهميّة شرب الماء | درس 6 - اجعل جسمك آلة رياضيّة | درس 7 - النّوم الجيّد مفتاح الحياة الصحّيّة | درس 8 - النّظافة وتأثيرها على الصّحّة","ממשק","https://artzi-y.lms.education.gov.il/course/view.php?id=855","",""
"איכות הסביבה - כיתות ד-ו (צפייה)","קיימות ואיכות הסביבה","יסודי","מוודל","ד'-ו'","עברית","9 יחידות","קורס איכות הסביבה בעברית הכולל נושאי שינוי אקלים עצים קיפודי ים אנרגיה מתחדשת פסולת וטלפון נייד.","חם לעולם - ולי | קיפודי ים | מבט מפוכח על שימוש במקורות אנרגיה מתחדשים | טלפון נייד - מחומר גלם למוצר | יחסי גומלין בין עצים למגוון יצורים חיים | איי חום עירוני | התמודדות עם שינויי האקלים: הפחתה והסתגלות | עצים הם גיבורי על! | פסולת צריכה ושינוי אקלים","","https://artzi-y.lms.education.gov.il/course/view.php?id=630","",""
"جودة البيئة - איכות הסביבה - כיתות ד-ו (צפייה)","קיימות ואיכות הסביבה","יסודי","מוודל","ד'-ו'","ערבית","9 יחידות","קורס איכות הסביבה בערבית הכולל נושאים: ים-תיכוני חם תמיד קיפודי ים שינוי אקלים ניהול אנרגיה ופסולת.","حار إلى الأبد ولي | قنافد البحر | العلاقات المتبادلة بين الأشجار ومجموعات الكائنات | نَظَرَة حَقِيقِيَّة حَوْل اِسْتِخْدام مَصادِرِ الطَّاقَة | جَزيرة الحَرّ المَدنية | التعامل مع تغير المناخ | الأشجار هي الأبطال الخارقون | النفايات والاستهلاك وتغير المناخ | الهاتف النَقال – مِنَ الأداة إلى المُنَتج","","https://artzi-y.lms.education.gov.il/course/view.php?id=632","",""
"דائرة الاحصاء المركزية والتعداد السّكاني - نُحصيكم - הלמ\ס ומפקד האוכלוסין - כיתות א'-ו' (צפייה)""","תחומי דעת נוספים","יסודי","מוודל","א'-ו'","ערבית","1 יחידה","קורס בנושא הלשכה המרכזית לסטטיסטיקה ומפקד האוכלוסין 2022 בערבית לכיתות א'-ו'.","دائرة الاحصاء المركزية والتعداد السّكاني - نُحصيكم","LNET","https://artzi-y.lms.education.gov.il/course/view.php?id=560","",""
"הלמ\ס ומפקד האוכלוסין - סופרים אותנו - כיתות א'-ו' (צפייה)""","תחומי דעת נוספים","יסודי","מוודל","א'-ו'","עברית","1 יחידה","קורס בנושא הלשכה המרכזית לסטטיסטיקה ומפקד האוכלוסין 2022 לכיתות א'-ו'.","הלמ""ס ומפקד האוכלוסין - סופרים אותנו","LNET","https://artzi-y.lms.education.gov.il/course/view.php?id=558","",""
